"您的ID","Owner","isHighQuality"
"用户0163","user-0163","true"
"用户0245","user-0245",""
"用户0187","user-0187",""
"用户0226","user-0226",""
"用户0002","user-0002",""
"用户0016","user-0016","true"
"用户0205","user-0205",""
"用户0233","user-0233",""
"用户0246","user-0246",""
"用户0247","user-0247",""
"用户0147","user-0147","true"
"用户0241","user-0241",""
"用户0164","user-0164","false"
"用户0220","user-0220",""
"用户0013","user-0013",""
"用户0248","user-0248",""
"用户0170","user-0170","true"
"用户0113","user-0113",""
"用户0184","user-0184",""
"用户0240","user-0240",""
"用户0099","user-0099",""
"用户0249","user-0249",""
"用户0126","user-0126",""
"用户0172","user-0172",""
"用户0138","user-0138",""
"用户0171","user-0171",""
"用户0025","user-0025",""
"用户0208","user-0208",""
"用户0022","user-0022",""
"用户0153","user-0153",""
"用户0122","user-0122",""
"用户0033","user-0033",""
"用户0174","user-0174","true"
"用户0229","user-0229",""
"用户0193","user-0193","true"
"用户0120","user-0120",""
"用户0176","user-0176",""
"用户0129","user-0129",""
"用户0215","user-0215",""
"用户0250","user-0250",""
"用户0194","user-0194",""
"用户0251","user-0251",""
"用户0185","user-0185",""
"用户0206","user-0206",""
"用户0079","user-0079",""
"用户0252","user-0252",""
"用户0094","user-0094",""
"用户0214","user-0214",""
"用户0051","user-0051",""
"用户0019","user-0019",""
"用户0084","user-0084","true"
"用户0028","user-0028",""
"用户0091","user-0091",""
"用户0253","user-0253",""
"用户0183","user-0183",""
"用户0061","user-0061",""
"用户0234","user-0234",""
"用户0102","user-0102",""
"用户0161","user-0161",""
"用户0189","user-0189",""
"用户0118","user-0118",""
"用户0065","user-0065",""
"用户0020","user-0020",""
"用户0039","user-0039",""
"用户0254","user-0254",""
"用户0066","user-0066",""
"用户0072","user-0072",""
"用户0021","user-0021",""
"用户0009","user-0009",""
"用户0127","user-0127",""
"用户0255","user-0255","true"
"用户0231","user-0231",""
"用户0243","user-0243",""
"用户0237","user-0237",""
"用户0143","user-0143",""
"用户0092","user-0092",""
"用户0196","user-0196",""
"用户0228","user-0228",""
"用户0008","user-0008","true"
"用户0093","user-0093","true"
"用户0223","user-0223",""
"用户0130","user-0130",""
"用户0049","user-0049",""
"用户0105","user-0105",""
"用户0236","user-0236",""
"用户0256","user-0256",""
"用户0087","user-0087",""
"用户0210","user-0210",""
"用户0197","user-0197","true"
"用户0257","user-0257",""
"用户0199","user-0199",""
"用户0116","user-0116","true"
"用户0182","user-0182",""
"用户0201","user-0201",""
"用户0175","user-0175",""
"用户0082","user-0082",""
"用户0162","user-0162",""
"用户0160","user-0160","true"
"用户0081","user-0081",""
"用户0258","user-0258",""
"用户0209","user-0209","true"
"用户0037","user-0037","true"
"用户0259","user-0259",""
"用户0073","user-0073",""
"用户0260","user-0260",""
"用户0004","user-0004",""
"用户0042","user-0042",""
"用户0157","user-0157",""
"用户0108","user-0108",""
"用户0036","user-0036","false"
"用户0132","user-0132",""
"用户0063","user-0063",""
"用户0212","user-0212",""
"用户0144","user-0144",""
"用户0124","user-0124",""
"用户0261","user-0261",""
"用户0165","user-0165","true"
"用户0110","user-0110","true"
"用户0053","user-0053","true"
"用户0011","user-0011","true"
"用户0186","user-0186",""
"用户0262","user-0262",""
"用户0048","user-0048","true"
"用户0045","user-0045",""
"用户0137","user-0137","true"
"用户0263","user-0263",""
"用户0154","user-0154",""
"用户0264","user-0264","true"
"用户0062","user-0062",""
"用户0103","user-0103",""
"用户0265","user-0265",""
"用户0230","user-0230",""
"用户0168","user-0168",""
"用户0131","user-0131",""
"用户0098","user-0098",""
"用户0096","user-0096",""
"用户0119","user-0119",""
"用户0060","user-0060","true"
"用户0057","user-0057",""
"用户0083","user-0083",""
"用户0266","user-0266",""
"用户0139","user-0139",""
"用户0140","user-0140",""
"用户0058","user-0058",""
"用户0075","user-0075",""
"用户0085","user-0085",""
"用户0204","user-0204",""
"用户0097","user-0097",""
"用户0222","user-0222",""
"用户0031","user-0031","true"
"用户0074","user-0074",""
"用户0017","user-0017",""
"用户0136","user-0136",""
"用户0177","user-0177","true"
"用户0071","user-0071","true"
"用户0125","user-0125",""
"用户0267","user-0267",""
"用户0050","user-0050",""
"用户0029","user-0029",""
"用户0178","user-0178",""
"用户0090","user-0090",""
"用户0268","user-0268",""
"用户0269","user-0269",""
"用户0078","user-0078",""
"用户0080","user-0080",""
"用户0156","user-0156",""
"用户0202","user-0202",""
"用户0270","user-0270",""
"用户0271","user-0271","true"
"用户0181","user-0181","true"
"用户0076","user-0076",""
"用户0211","user-0211",""
"用户0128","user-0128",""
"用户0152","user-0152",""
"用户0272","user-0272",""
"用户0207","user-0207",""
"用户0150","user-0150","true"
"用户0041","user-0041",""
"用户0273","user-0273",""
"用户0054","user-0054",""
"用户0142","user-0142",""
"用户0274","user-0274",""
"用户0275","user-0275",""
"用户0218","user-0218",""
"用户0003","user-0003",""
"用户0146","user-0146",""
"用户0024","user-0024",""
"用户0034","user-0034",""
"用户0040","user-0040",""
"用户0238","user-0238",""
"用户0115","user-0115",""
"用户0244","user-0244",""
"用户0059","user-0059",""
"用户0169","user-0169",""
"用户0276","user-0276",""
"用户0104","user-0104",""
"用户0005","user-0005","true"
"用户0277","user-0277","true"
"用户0069","user-0069",""
"用户0056","user-0056",""
"用户0114","user-0114",""
"用户0203","user-0203",""
"用户0117","user-0117","true"
"用户0014","user-0014",""
"用户0195","user-0195",""
"用户0106","user-0106",""
"用户0278","user-0278",""
"用户0279","user-0279",""
"用户0015","user-0015",""
"用户0280","user-0280",""
"用户0012","user-0012",""
"用户0046","user-0046",""
"用户0109","user-0109","true"
"用户0191","user-0191",""
"用户0281","user-0281",""
"用户0282","user-0282",""
"用户0283","user-0283",""
"用户0284","user-0284",""
"用户0030","user-0030","true"
"用户0285","user-0285","true"
"用户0286","user-0286",""
"用户0111","user-0111",""
"用户0112","user-0112",""
"用户0007","user-0007","true"
"用户0200","user-0200",""
"用户0235","user-0235",""
"用户0180","user-0180",""
"用户0224","user-0224",""
"用户0287","user-0287",""
"用户0100","user-0100",""
"用户0155","user-0155",""
"用户0221","user-0221",""
"用户0149","user-0149","true"
"用户0173","user-0173","true"
"用户0067","user-0067",""
"用户0044","user-0044",""
"用户0141","user-0141",""
"用户0288","user-0288",""
"用户0167","user-0167",""
"用户0232","user-0232",""
"用户0026","user-0026","true"
"用户0289","user-0289",""
"用户0055","user-0055",""
"用户0290","user-0290",""
"用户0089","user-0089",""
"用户0135","user-0135",""
"用户0225","user-0225",""
"用户0145","user-0145",""
"用户0134","user-0134",""
"用户0179","user-0179",""
"用户0291","user-0291",""
"用户0121","user-0121",""
"用户0198","user-0198",""
"用户0047","user-0047","true"
"用户0217","user-0217",""
"用户0052","user-0052","true"
"用户0190","user-0190",""
"用户0292","user-0292",""
"用户0216","user-0216",""
"用户0293","user-0293",""
"用户0010","user-0010",""
"用户0043","user-0043",""
"用户0023","user-0023",""
"用户0219","user-0219",""
"用户0088","user-0088",""
"用户0294","user-0294",""
"用户0192","user-0192",""
"用户0028","user-0028",""
"用户0295","user-0295",""
"用户0077","user-0077",""
"用户0018","user-0018",""
"用户0296","user-0296","true"
"用户0188","user-0188",""
"用户0297","user-0297",""
"用户0068","user-0068",""
"用户0001","user-0001",""
"用户0038","user-0038","true"
"用户0064","user-0064",""
"用户0298","user-0298",""
"用户0213","user-0213",""
"用户0086","user-0086",""
"用户0239","user-0239",""
"用户0299","user-0299",""
"用户0027","user-0027",""
"用户0006","user-0006","true"
"用户0151","user-0151",""
"用户0300","user-0300","true"
"用户0095","user-0095",""
"用户0123","user-0123",""
"用户0081","user-0081",""
"用户0301","user-0301",""
"用户0227","user-0227",""
"用户0101","user-0101",""
"用户0242","user-0242",""
"用户0158","user-0158",""
"用户0107","user-0107",""
"用户0133","user-0133",""
"用户0159","user-0159",""
"用户0032","user-0032",""
"用户0166","user-0166",""
"用户0148","user-0148",""
"用户0035","user-0035",""
"用户0070","user-0070",""
"用户0302","user-0302",""
"用户0303","user-0303",""