"作品Title/曲名","Video /BGA      (optional)","sequenceId","bg","不要在designer栏位填写自己的真实ID！/ Do not put your real ID in the designer field ！","Owner","isDQ"
"口几口语","","177","wix:image://v1/3a2247_1e659efaf09a4c1db72966673f4a47fb~mv2.png/bg.png#originWidth=3000&originHeight=3000","匿名作者0224","user-0224","true"
"不眠之夜","wix:video://v1/8a333c_646e6bee6f184070b818f8a5ff001717/pv.mp4#posterUri=8a333c_646e6bee6f184070b818f8a5ff001717f001.jpg&posterWidth=854&posterHeight=480","196","wix:image://v1/8a333c_17c3709d96124217968391460a77e79e~mv2.jpg/bg.jpg#originWidth=960&originHeight=960","匿名作者0126","user-0126",""
"忍者","wix:video://v1/9eaac5_4c146f36600f4f3c8a8d46de99fdb238/pv.mp4#posterUri=9eaac5_4c146f36600f4f3c8a8d46de99fdb238f001.jpg&posterWidth=1920&posterHeight=1080","15","wix:image://v1/9eaac5_f64ad0540eb840fb96f270398ad465a1~mv2.jpg/bg.jpg#originWidth=1048&originHeight=1200","匿名作者0010","user-0010","true"
"春风吹","wix:video://v1/22c676_afdf0b561a7e41c58f0f8dc2f6084529/pv.mp4#posterUri=22c676_afdf0b561a7e41c58f0f8dc2f6084529f001.jpg&posterWidth=1920&posterHeight=1080","142","wix:image://v1/22c676_ba10a8e4ec344cc397c98f7934b9cbea~mv2.jpg/bg.jpg#originWidth=1679&originHeight=1499","匿名作者0232","user-0232","true"
"Dream goes on","","140","wix:image://v1/eb6f25_6a36207c92d247998d11e5e0857f15dd~mv2.jpg/bg.jpg#originWidth=768&originHeight=768","匿名作者0183","user-0183","true"
"千里邀月","wix:video://v1/c64cbf_7f3c697caaa448b9a8f30c694e5bc52e/pv.mp4#posterUri=c64cbf_7f3c697caaa448b9a8f30c694e5bc52ef001.jpg&posterWidth=1042&posterHeight=480","120","wix:image://v1/c64cbf_02b530bd0c164ad0aebdcc8e1d0967f3~mv2.jpg/bg.jpg#originWidth=500&originHeight=500","匿名作者0080","user-0080","true"
"三尺","","153","wix:image://v1/64d127_99dc8b5f2efb42958c9e494b031ef1a1~mv2.jpg/bg.jpg#originWidth=500&originHeight=500","匿名作者0227","user-0227","true"
"秒针","","22","wix:image://v1/3a9fac_ec21674d619049a28ac033474c69ff52~mv2.jpg/bg.jpg#originWidth=800&originHeight=800","匿名作者0025","user-0025","true"
"把心跳变成节奏","","210","wix:image://v1/a43b1b_fbdf3630b9094cdca8ab1a5bfb176fa7~mv2.jpg/bg.jpg#originWidth=3000&originHeight=3000","匿名作者0201","user-0201","true"
"痛苦碎片","","36","wix:image://v1/8eeb9b_8dba231f386d4c07818133a7de6990f5~mv2.png/bg.png#originWidth=2560&originHeight=2560","匿名作者0091","user-0091","true"
"舞娘","wix:video://v1/07c671_0f4e547f85db433dad324566df4431be/bg.mp4#posterUri=07c671_0f4e547f85db433dad324566df4431bef001.jpg&posterWidth=856&posterHeight=480","54","wix:image://v1/07c671_33af272555884566a44eb816189e0b26~mv2.jpg/bg.jpg#originWidth=1080&originHeight=1080","匿名作者0018","user-0018",""
"低彩度记事","","202","wix:image://v1/e75c68_ea9198d467f0486390efbc16516bc419~mv2.png/bg.png#originWidth=1500&originHeight=1500","匿名作者0050","user-0050",""
"Ba Ba Ba","wix:video://v1/a527bd_b848d907d2cf4ef28b84372c46eb9b9f/bg.mp4#posterUri=a527bd_b848d907d2cf4ef28b84372c46eb9b9ff001.jpg&posterWidth=450&posterHeight=348","39","wix:image://v1/a527bd_b41bcb063910472da8993624f1d28f31~mv2.jpg/bg.jpg#originWidth=620&originHeight=618","匿名作者0155","user-0155",""
"把耳朵叫醒","wix:video://v1/43bcb0_10ac0f12515644d597efcf926b6e36c0/redpandacompress_mv%20(1).mp4#posterUri=43bcb0_10ac0f12515644d597efcf926b6e36c0f001.jpg&posterWidth=1080&posterHeight=1080","144","wix:image://v1/43bcb0_484913a7f5d746d4b195429f2f3bb952~mv2.jpg/bg.jpg#originWidth=1080&originHeight=1080","匿名作者0134","user-0134","true"
"今天你要嫁给我","wix:video://v1/0c982f_b3572bd3a7a04bf4bcc3f8543d21c248/pv.mp4#posterUri=0c982f_b3572bd3a7a04bf4bcc3f8543d21c248f001.jpg&posterWidth=854&posterHeight=480","11","wix:image://v1/0c982f_1458fd6b122d4178b4c313c4b4580989~mv2.jpg/bg.jpg#originWidth=1400&originHeight=1400","匿名作者0120","user-0120","true"
"为你修座坟","","53","wix:image://v1/91aa71_c120799950bd49c0a0f158ad0a8a54e3~mv2.jpg/bg.jpg#originWidth=500&originHeight=500","匿名作者0085","user-0085","true"
"绝体绝命","wix:video://v1/8ccc5c_74ca020639574884883f1ab047e6e7e6/bg.mp4#posterUri=8ccc5c_74ca020639574884883f1ab047e6e7e6f001.jpg&posterWidth=854&posterHeight=480","165","wix:image://v1/8ccc5c_911407905c5746cc8519c75e3b302710~mv2.png/bg.png#originWidth=1169&originHeight=1169","匿名作者0129","user-0129",""
"這一次．有你","wix:video://v1/40fbdb_e9357dedec05426799451e9c575bb7a0/bg.mp4#posterUri=40fbdb_e9357dedec05426799451e9c575bb7a0f001.jpg&posterWidth=854&posterHeight=480","87","wix:image://v1/40fbdb_bb1363c657cf4c20b111aa34f02eb617~mv2.png/bg.png#originWidth=732&originHeight=718","匿名作者0081","user-0081",""
"浸春芜","wix:video://v1/b44675_0e881f9d94394d9e9f0557e40386413b/pv.mp4#posterUri=b44675_0e881f9d94394d9e9f0557e40386413bf001.jpg&posterWidth=1920&posterHeight=1080","102","wix:image://v1/b44675_9f7e603177974378b4ba665da622df52~mv2.png/bg.png#originWidth=1200&originHeight=1200","匿名作者0187","user-0187","true"
"Random-Randomly","wix:video://v1/1610f4_a45bc7c51bee4d8aa5c2f7f96e096010/bg.mp4#posterUri=1610f4_a45bc7c51bee4d8aa5c2f7f96e096010f001.jpg&posterWidth=854&posterHeight=480","221","wix:image://v1/1610f4_06c0ede3e96746638a6d863dfeb89a1c~mv2.jpg/bg.jpg#originWidth=800&originHeight=800","匿名作者0011","user-0011",""
"桃花笑","","34","wix:image://v1/026302_24d9e869d6bc43a3b4660893b42e6364~mv2.jpg/bg.jpg#originWidth=2680&originHeight=2680","匿名作者0185","user-0185","true"
"举头三尺天气晴","wix:video://v1/806613_3b3304c7378f49bb9252e65b722b4a18/pv.mp4#posterUri=806613_3b3304c7378f49bb9252e65b722b4a18f001.jpg&posterWidth=1280&posterHeight=720","29","wix:image://v1/806613_37235787c44c42b7941b39c56bb29ef6~mv2.jpg/bg.jpg#originWidth=1581&originHeight=1582","匿名作者0065","user-0065","true"
"二重变革","","56","wix:image://v1/ea5e3a_d318688ad842428f91ac6cd3a92cf3ca~mv2.jpg/bg.jpg#originWidth=1080&originHeight=1080","匿名作者0067","user-0067","true"
"无风之地","wix:video://v1/cff47b_f1e9b10b4875469ead63990ab45a9c40/pv.mp4#posterUri=cff47b_f1e9b10b4875469ead63990ab45a9c40f001.jpg&posterWidth=1920&posterHeight=1080","217","wix:image://v1/cff47b_a3ee304876b345eda71ce42be7052f2b~mv2.jpg/bg.jpg#originWidth=500&originHeight=500","匿名作者0150","user-0150",""
"不死傳說","wix:video://v1/df6d12_fdafaa24052f44eeb734af0db9263f1f/pv.mp4#posterUri=df6d12_fdafaa24052f44eeb734af0db9263f1ff001.jpg&posterWidth=1440&posterHeight=1080","19","wix:image://v1/df6d12_43fae45733eb4897900293e7d6101f4c~mv2.jpg/bg.jpg#originWidth=1199&originHeight=1199","匿名作者0194","user-0194",""
"深夜诗人","wix:video://v1/e5a8e1_5651bd9c217c44f8a3166c325471fb59/bg.mp4#posterUri=e5a8e1_5651bd9c217c44f8a3166c325471fb59f001.jpg&posterWidth=1280&posterHeight=720","101","wix:image://v1/e5a8e1_c798b0b1b9274870b93d92791dca0040~mv2.jpg/bg.jpg#originWidth=626&originHeight=625","匿名作者0041","user-0041",""
"新地球","wix:video://v1/dd47c8_6dcc57bd66b84b06a8764355bee0ae80/bg.mp4#posterUri=dd47c8_6dcc57bd66b84b06a8764355bee0ae80f001.jpg&posterWidth=1062&posterHeight=480","63","wix:image://v1/dd47c8_0dfb714251e847ebb669170e72d52ead~mv2.jpg/bg.jpg#originWidth=640&originHeight=640","匿名作者0173","user-0173",""
"如果这都不算爱","wix:video://v1/a36f73_c08848c3ea15405eb8f2f332173a7e98/pv.mp4#posterUri=a36f73_c08848c3ea15405eb8f2f332173a7e98f001.jpg&posterWidth=1920&posterHeight=1080","40","wix:image://v1/a36f73_c4608398e83a4e5baca46d2879ef6b1c~mv2.jpg/bg.jpg#originWidth=876&originHeight=876","匿名作者0082","user-0082","true"
"绝体绝命","wix:video://v1/dd4681_213125474c2a49548edcd2034f6d3d4e/pv.mp4#posterUri=dd4681_213125474c2a49548edcd2034f6d3d4ef001.jpg&posterWidth=854&posterHeight=480","33","wix:image://v1/dd4681_b005c78e2f304860839134bf58f4e92f~mv2.png/bg.png#originWidth=1169&originHeight=1169","匿名作者0200","user-0200","true"
"我要鲨人","wix:video://v1/a031d5_dc7873e41ffb4a78b2309e3d1712c8c4/pv.mp4#posterUri=a031d5_dc7873e41ffb4a78b2309e3d1712c8c4f001.jpg&posterWidth=1920&posterHeight=1080","88","wix:image://v1/a031d5_1757b70056bd495695bbf0e84b40c576~mv2.jpg/bg.jpg#originWidth=920&originHeight=575","匿名作者0045","user-0045","true"
"有线耳机","wix:video://v1/c5abfb_70b68d0afc9546e19ed44fec494c547b/pv.mp4#posterUri=c5abfb_70b68d0afc9546e19ed44fec494c547bf001.jpg&posterWidth=960&posterHeight=544","138","wix:image://v1/c5abfb_6f6d663208a54715bd325d1f4fa75ac4~mv2.jpg/bg.jpg#originWidth=500&originHeight=500","匿名作者0204","user-0204","true"
"依兰爱情故事(feat.洛天依)","wix:video://v1/ba03f1_71bd9fea90bf4ab18e729b1bdeb42db4/bg.mp4#posterUri=ba03f1_71bd9fea90bf4ab18e729b1bdeb42db4f001.jpg&posterWidth=1280&posterHeight=1280","44","wix:image://v1/ba03f1_97e4bb0a98e34570ba352eac04194f5b~mv2.png/bg.png#originWidth=1312&originHeight=1312","匿名作者0145","user-0145","true"
"乱舞春秋","wix:video://v1/8aec65_c170e526a4db49179f66b93ce8cd42ae/bg.mp4#posterUri=8aec65_c170e526a4db49179f66b93ce8cd42aef001.jpg&posterWidth=854&posterHeight=480","116","wix:image://v1/8aec65_8bcd7605976846e78b844d89649c0076~mv2.png/bg.png#originWidth=934&originHeight=910","匿名作者0007","user-0007",""
"周大侠","wix:video://v1/4cb565_c2e962c9ec824f6491b3666494af2b66/bg.mp4#posterUri=4cb565_c2e962c9ec824f6491b3666494af2b66f001.jpg&posterWidth=854&posterHeight=480","148","wix:image://v1/4cb565_0850493627544802b25d347120bf1c7b~mv2.jpg/bg.jpg#originWidth=569&originHeight=410","匿名作者0088","user-0088","true"
"黑白灰","wix:video://v1/8c18ec_4aedcf51b7354333a7a764cc8e4da376/bg.mp4#posterUri=8c18ec_4aedcf51b7354333a7a764cc8e4da376f001.jpg&posterWidth=1920&posterHeight=1080","132","wix:image://v1/8c18ec_190b3640b1f8417181e7b791342d9f07~mv2.png/bg.png#originWidth=1179&originHeight=1167","匿名作者0054","user-0054",""
"それを世界と言うんだね (Chinese Ver.)","wix:video://v1/d04e7f_94ae15721b224d50b9f5ac6389233e4b/pv.mp4#posterUri=d04e7f_94ae15721b224d50b9f5ac6389233e4bf001.jpg&posterWidth=1280&posterHeight=720","46","wix:image://v1/d04e7f_c59f08c928f94d8ba9db9611ddaef082~mv2.jpg/bg.jpg#originWidth=500&originHeight=500","匿名作者0040","user-0040","true"
"青芽","","59","wix:image://v1/c04a7a_f93eb960e4d145a9b584810f89cbb771~mv2.jpg/bg.jpg#originWidth=1242&originHeight=1242","匿名作者0119","user-0119","true"
"Mirairo Rider","wix:video://v1/cc50bd_27cf045f6c804dd8bb80f6ecc69e1c4a/pv.mp4#posterUri=cc50bd_27cf045f6c804dd8bb80f6ecc69e1c4af001.jpg&posterWidth=854&posterHeight=480","213","wix:image://v1/cc50bd_62783bf2c5204326baa2ac476a5ffe05~mv2.jpg/bg.jpg#originWidth=4000&originHeight=4000","匿名作者0165","user-0165",""
"mag1c","wix:video://v1/296bfe_800991a2ddf54f8d9c219c0f8b203a80/bg.mp4#posterUri=296bfe_800991a2ddf54f8d9c219c0f8b203a80f001.jpg&posterWidth=854&posterHeight=480","174","wix:image://v1/296bfe_7d571cd4937a497194adb788eca3f807~mv2.jpg/bg.jpg#originWidth=960&originHeight=960","匿名作者0055","user-0055",""
"Phosphene","wix:video://v1/cfbbfa_15121f1e639c45b8993917d9f1af7fda/pv.mp4#posterUri=cfbbfa_15121f1e639c45b8993917d9f1af7fdaf001.jpg&posterWidth=1280&posterHeight=720","100","wix:image://v1/cfbbfa_6ae5108be19748d68fe514b9d29a6278~mv2.png/bg.png#originWidth=918&originHeight=857","匿名作者0172","user-0172","true"
"碎镜","wix:video://v1/8a5b36_e7519c935b5e488084a839d673edcd43/pv.mp4#posterUri=8a5b36_e7519c935b5e488084a839d673edcd43f001.jpg&posterWidth=1280&posterHeight=720","182","wix:image://v1/8a5b36_0cd745ce192a4f679a6cda82e89407c5~mv2.jpg/bg.jpg#originWidth=2160&originHeight=2160","匿名作者0206","user-0206",""
"永远不止一点","wix:video://v1/f67d87_b3f8984d7f3948b79a69ad411d2b6923/pv.mp4#posterUri=f67d87_b3f8984d7f3948b79a69ad411d2b6923f001.jpg&posterWidth=1080&posterHeight=1080","178","wix:image://v1/f67d87_5c4f40b539af44f1a449b13631c97095~mv2.jpg/bg.jpg#originWidth=1346&originHeight=1346","匿名作者0043","user-0043","true"
"シャルル(feat.星尘Infinity)","wix:video://v1/4b285f_ac7f231e1f96443cad9fa14936b7aa16/pv.mp4#posterUri=4b285f_ac7f231e1f96443cad9fa14936b7aa16f001.jpg&posterWidth=854&posterHeight=480","129","wix:image://v1/4b285f_b87eccb11a784462a9d145e69fed03c6~mv2.jpg/bg.jpg#originWidth=3456&originHeight=2160","匿名作者0068","user-0068",""
"Mirairo Rider","wix:video://v1/3be87e_89ce5ddbd81b4cc1800473e64537c310/bg.mp4#posterUri=3be87e_89ce5ddbd81b4cc1800473e64537c310f001.jpg&posterWidth=854&posterHeight=480","195","wix:image://v1/3be87e_ec1efb08755847239680fdd5201aa958~mv2.jpg/bg.jpg#originWidth=4000&originHeight=4000","匿名作者0038","user-0038",""
"与我共鸣-NENTEN-","","190","wix:image://v1/e39c8a_ccc343bdc8a2475685a41d1d10463ad4~mv2.jpg/bg.jpg#originWidth=960&originHeight=960","匿名作者0053","user-0053",""
"Side By Side","wix:video://v1/85a5f0_6dd8898b60db4b82ba19d0d4a67d5699/pv.mp4#posterUri=85a5f0_6dd8898b60db4b82ba19d0d4a67d5699f001.jpg&posterWidth=854&posterHeight=480","189","wix:image://v1/85a5f0_545c5e6bff4a4b4db5b87c6de41e997b~mv2.jpg/bg.jpg#originWidth=4000&originHeight=4000","匿名作者0005","user-0005",""
"阿呦阿呦","wix:video://v1/babc9f_4ee15d73b9144b1288274cf2f33d64bb/pv.mp4#posterUri=babc9f_4ee15d73b9144b1288274cf2f33d64bbf001.jpg&posterWidth=854&posterHeight=480","62","wix:image://v1/babc9f_3358e8ad97364fa1825afd5db47e4583~mv2.jpg/bg.jpg#originWidth=1280&originHeight=1280","匿名作者0115","user-0115","true"
"落花后日谈","wix:video://v1/1675ca_f901adc691f14e1c9b867c37ef1c7358/bg.mp4#posterUri=1675ca_f901adc691f14e1c9b867c37ef1c7358f001.jpg&posterWidth=854&posterHeight=462","124","wix:image://v1/1675ca_5da6565960054263957a5fe2a70624a0~mv2.jpg/bg.jpg#originWidth=1845&originHeight=1845","匿名作者0146","user-0146","true"
"让风告诉你","","83","wix:image://v1/71bb40_49d9281130b6493bb5fbdab9fa3e7263~mv2.jpg/bg.jpg#originWidth=1280&originHeight=1280","匿名作者0083","user-0083","true"
"春迟到","","204","wix:image://v1/edebad_fa8f9a48091648f8a786fa941deb82e0~mv2.jpg/bg.jpg#originWidth=640&originHeight=640","匿名作者0111","user-0111",""
"四海五洲","","145","wix:image://v1/e2aa73_a1b215b0960042478d636e7734017f3a~mv2.jpg/bg.jpg#originWidth=2126&originHeight=2126","匿名作者0029","user-0029","true"
"愿","wix:video://v1/f72434_78708d547ba24a2ea7752f7ee0748a34/pv.mp4#posterUri=f72434_78708d547ba24a2ea7752f7ee0748a34f001.jpg&posterWidth=1280&posterHeight=720","122","wix:image://v1/f72434_31bfe383efce4efd9d05ad80348c1178~mv2.png/bg.png#originWidth=1153&originHeight=1153","匿名作者0117","user-0117",""
"I Got Smoke","wix:video://v1/df4984_84ed8ac13a61476e95d043101c5f40aa/pv.mp4#posterUri=df4984_84ed8ac13a61476e95d043101c5f40aaf001.jpg&posterWidth=1280&posterHeight=720","187","wix:image://v1/df4984_158a35e962b648fbb78bd51eb8af83f1~mv2.jpg/bg.jpg#originWidth=995&originHeight=995","匿名作者0159","user-0159","true"
"飞行志","wix:video://v1/3bae9e_2ac65ad7f20040b6bcf82f371275b832/pv.mp4#posterUri=3bae9e_2ac65ad7f20040b6bcf82f371275b832f001.jpg&posterWidth=720&posterHeight=720","200","wix:image://v1/3bae9e_17a6d9fa43d54dbd9a540fbaadbfd0dc~mv2.png/bg.png#originWidth=300&originHeight=300","匿名作者0161","user-0161",""
"Missy","wix:video://v1/d7892a_0fb1e13534af44d9bc88b9003cbefa25/pv.mp4#posterUri=d7892a_0fb1e13534af44d9bc88b9003cbefa25f001.jpg&posterWidth=1280&posterHeight=720","78","wix:image://v1/d7892a_d4f3f758ee334fccaadbd12579f100fb~mv2.jpg/bg.jpg#originWidth=800&originHeight=800","匿名作者0156","user-0156",""
"噢买尬","","160","wix:image://v1/276005_aa28e6081cb24efd8e9205cd1824b2c8~mv2.jpg/bg.jpg#originWidth=1500&originHeight=1500","匿名作者0214","user-0214","true"
"迷迭香","wix:video://v1/65a3aa_d21494be20be470c82618e9d211b474c/pv.mp4#posterUri=65a3aa_d21494be20be470c82618e9d211b474cf001.jpg&posterWidth=1280&posterHeight=720","139","wix:image://v1/65a3aa_2947a5125af84307804bc0373652429c~mv2.png/bg.png#originWidth=790&originHeight=790","匿名作者0149","user-0149",""
"对你爱不完","wix:video://v1/9e7cf9_91456485ae3f41678d533b40f2867f48/pv.mp4#posterUri=9e7cf9_91456485ae3f41678d533b40f2867f48f001.jpg&posterWidth=1440&posterHeight=1080","85","wix:image://v1/9e7cf9_82016432664c4e749e465965bad19557~mv2.png/bg.png#originWidth=603&originHeight=603","匿名作者0079","user-0079","true"
"无梦之梦[Chinese ver.]","","152","wix:image://v1/e2089b_2a19f02e78154d04b5048037a98aed2c~mv2.jpg/bg.jpg#originWidth=500&originHeight=500","匿名作者0014","user-0014","true"
"女孩你为何踮脚尖","wix:video://v1/11d80f_c9fcbb970e334b148f28284daded7dfb/pv.mp4#posterUri=11d80f_c9fcbb970e334b148f28284daded7dfbf001.jpg&posterWidth=1920&posterHeight=1080","111","wix:image://v1/11d80f_0f672f97654f49df9e15d2cc3ae3e14d~mv2.jpg/1478148199.jpg#originWidth=2419&originHeight=2419","匿名作者0233","user-0233","true"
"Liar Game","wix:video://v1/d42410_6852dd904d3a4f0b863a4c47b953b9fa/pv.mp4#posterUri=d42410_6852dd904d3a4f0b863a4c47b953b9faf001.jpg&posterWidth=854&posterHeight=480","55","wix:image://v1/d42410_291bead8873941398f6fd009d9058038~mv2.jpg/bg.jpg#originWidth=1079&originHeight=1079","匿名作者0049","user-0049","true"
"唐·毒蛇","","21","wix:image://v1/876b5b_94dc2fd2b1fb40e791ecc2141057446b~mv2.jpg/bg.jpg#originWidth=1061&originHeight=1061","匿名作者0002","user-0002","true"
"忘记了也没关系","wix:video://v1/578f2d_a40aa08be5ff4ce2b418163b680820df/bg.mp4#posterUri=578f2d_a40aa08be5ff4ce2b418163b680820dff001.jpg&posterWidth=1080&posterHeight=1080","65","wix:image://v1/578f2d_f3f7c5f41760493dab050b9bf294a2b8~mv2.jpg/bg.jpg#originWidth=1280&originHeight=1280","匿名作者0135","user-0135","true"
"CIVIC OR MYVI","","156","wix:image://v1/3bf94c_2c29e444bd834f299ca97432ae1862db~mv2.png/bg.png#originWidth=1167&originHeight=1167","匿名作者0128","user-0128","true"
"春光献祖国","wix:video://v1/ec87ee_0a0cdaaa9c664fa99fb6bbf4ce64629f/bg.mp4#posterUri=ec87ee_0a0cdaaa9c664fa99fb6bbf4ce64629ff001.jpg&posterWidth=854&posterHeight=480","5","wix:image://v1/ec87ee_ddec932b51584d93afb66e0a85db7f9f~mv2.jpg/bg.jpg#originWidth=1280&originHeight=1280","匿名作者0004","user-0004",""
"Feast远东之宴","","42","wix:image://v1/5fc235_b5d65b5d8e4442319e63c58bb04bf784~mv2.jpg/bg.jpg#originWidth=1080&originHeight=1080","匿名作者0033","user-0033","false"
"葫洲女孩","","70","wix:image://v1/e2427b_73c079b6210741128c2407d46d4f7a3f~mv2.jpg/bg.jpg#originWidth=500&originHeight=500","匿名作者0072","user-0072",""
"关注塔菲谢谢喵","wix:video://v1/ecf7e7_bcb30f9f1713424b9b124e94adb6660d/pv.mp4#posterUri=ecf7e7_bcb30f9f1713424b9b124e94adb6660df001.jpg&posterWidth=640&posterHeight=360","82","wix:image://v1/ecf7e7_12f2667894d9483b8b5e373d1f445cea~mv2.webp/bg.webp#originWidth=474&originHeight=474","匿名作者0064","user-0064","true"
"华心彩","wix:video://v1/d05cab_2dfcb0c497d54fedae8474bd37c7ae83/bg.mp4#posterUri=d05cab_2dfcb0c497d54fedae8474bd37c7ae83f001.jpg&posterWidth=854&posterHeight=480","17","wix:image://v1/d05cab_b9ba50c7646c4b4e9d1594f6a744da0c~mv2.jpg/bg.jpg#originWidth=928&originHeight=928","匿名作者0110","user-0110",""
"Monica","wix:video://v1/b1a08a_8e799fb75a944242a52aded0a79e5dd2/bg.mp4#posterUri=b1a08a_8e799fb75a944242a52aded0a79e5dd2f001.jpg&posterWidth=640&posterHeight=480","227","wix:image://v1/b1a08a_13061ed0f8144ab297aa00cfe40c36cd~mv2.jpg/bg.jpg#originWidth=500&originHeight=500","匿名作者0195","user-0195",""
"青春","","197","wix:image://v1/fbf00e_1942589960f74928bfb85d6df7ed0ab8~mv2.png/bg.png#originWidth=2048&originHeight=2048","匿名作者0052","user-0052",""
"苍蝇","wix:video://v1/77b063_1fe380aeaf344328a25c1de11f12d3f3/pv.mp4#posterUri=77b063_1fe380aeaf344328a25c1de11f12d3f3f001.jpg&posterWidth=852&posterHeight=480","119","wix:image://v1/77b063_1960457d026e4af39c53660bca802210~mv2.jpg/bg.jpg#originWidth=726&originHeight=726","匿名作者0101","user-0101","true"
"爱情陷阱","","168","wix:image://v1/e3ef2b_3a3a4d6f2d3b4aff89ef76287cb92cda~mv2.jpg/bg.jpg#originWidth=1242&originHeight=1253","匿名作者0044","user-0044","true"
"人是猫","wix:video://v1/602abb_f986ee3bd5be451193a2c3494c1e6947/pv.mp4#posterUri=602abb_f986ee3bd5be451193a2c3494c1e6947f001.jpg&posterWidth=852&posterHeight=480","181","wix:image://v1/602abb_9c96a346e1bf4ce6a67e325bd653d4a5~mv2.jpg/bg.jpg#originWidth=2560&originHeight=1440","匿名作者0047","user-0047",""
"妳是我的花朵","wix:video://v1/c32896_6bbe6206088f48a3896cb71de1a7c713/pv.mp4#posterUri=c32896_6bbe6206088f48a3896cb71de1a7c713f001.jpg&posterWidth=1280&posterHeight=720","72","wix:image://v1/c32896_40fd103e679a47779c2f8276318acb7c~mv2.jpg/bg.jpg#originWidth=1000&originHeight=1000","匿名作者0108","user-0108","true"
"Shake Shake","wix:video://v1/7f4080_19c293aa97ac4987b267914ff310474c/bg.mp4#posterUri=7f4080_19c293aa97ac4987b267914ff310474cf001.jpg&posterWidth=1920&posterHeight=1080","205","wix:image://v1/7f4080_5d38d00f9d174fbd93a32a7a286d10f5~mv2.jpg/bg.jpg#originWidth=1254&originHeight=1254","匿名作者0070","user-0070",""
"大狗叫山歌","wix:video://v1/5cda9b_e131491f64144db38ffee703abfb895e/pv.mp4#posterUri=5cda9b_e131491f64144db38ffee703abfb895ef001.jpg&posterWidth=640&posterHeight=480","64","wix:image://v1/5cda9b_e2459f67d6184cdcb01e33947cbe1e1a~mv2.jpg/bg.jpg#originWidth=1132&originHeight=636","匿名作者0078","user-0078","true"
"「交织together」","wix:video://v1/5d6b97_8b1033c217bd406fba96fdde537c170c/pv).mp4#posterUri=5d6b97_8b1033c217bd406fba96fdde537c170cf001.jpg&posterWidth=640&posterHeight=360","23","wix:image://v1/5d6b97_9835e4a30ada4cd6b0d27c72e7ea1eb9~mv2.jpg/bg.jpg#originWidth=640&originHeight=640","匿名作者0015","user-0015",""
"父親","wix:video://v1/a33dde_c68149385c18437d9cb18facc7966b8f/bg.mp4#posterUri=a33dde_c68149385c18437d9cb18facc7966b8ff001.jpg&posterWidth=600&posterHeight=600","58","wix:image://v1/a33dde_836713217ca347d3abbcba62b1d63332~mv2.jpg/bg.jpg#originWidth=320&originHeight=320","匿名作者0179","user-0179","true"
"情感缺失","","208","wix:image://v1/1c351c_f26ff5baa81a441c9fe0d37cd97d3d10~mv2.png/1000043561.png#originWidth=1200&originHeight=1200","匿名作者0234","user-0234","true"
"A Rusty Dream","","234","wix:image://v1/1629ea_0022c0356de54185829e52a1e5b5fe6b~mv2.jpg/bg.jpg#originWidth=1079&originHeight=1055","匿名作者0166","user-0166","true"
"红日","wix:video://v1/021359_6d46f495090c437b87d9d5f3fc99ebac/pv.mp4#posterUri=021359_6d46f495090c437b87d9d5f3fc99ebacf001.jpg&posterWidth=960&posterHeight=540","242","wix:image://v1/021359_dc55ced26120401eb68ae5bd8b693514~mv2.png/bg.png#originWidth=474&originHeight=474","匿名作者0223","user-0223","true"
"判断型","wix:video://v1/e22e4c_6ce39039b9784554a4c10ab7d976be9b/bg.mp4#posterUri=e22e4c_6ce39039b9784554a4c10ab7d976be9bf001.jpg&posterWidth=854&posterHeight=480","166","wix:image://v1/e22e4c_d78cc9de406c4339a563b572d2b76c08~mv2.jpg/bg.jpg#originWidth=640&originHeight=640","匿名作者0137","user-0137",""
"伤心的人别听慢歌","wix:video://v1/89cfab_0429a1186ffc4ff884c93782484377d1/pv.mp4#posterUri=89cfab_0429a1186ffc4ff884c93782484377d1f001.jpg&posterWidth=1282&posterHeight=722","167","wix:image://v1/89cfab_739d6de267ac4e0d89acb973a7b5fda8~mv2.jpg/bg.jpg#originWidth=1280&originHeight=1280","匿名作者0198","user-0198",""
"阿里巴巴","wix:video://v1/1cd751_f6e36982106c4543b1b49473842aa23f/bg.mp4#posterUri=1cd751_f6e36982106c4543b1b49473842aa23ff001.jpg&posterWidth=1280&posterHeight=720","159","wix:image://v1/1cd751_716c5d7de0634297bc11e01cc1dc3e52~mv2.jpg/1000068010.jpg#originWidth=500&originHeight=500","匿名作者0032","user-0032","true"
"一口气全念对","wix:video://v1/d8b951_1382e19acae0425baa7653c7ed1004c7/pv.mp4#posterUri=d8b951_1382e19acae0425baa7653c7ed1004c7f001.jpg&posterWidth=1280&posterHeight=720","228","wix:image://v1/d8b951_351a77062e5f4e97a61753a4c7e88ac7~mv2.jpg/bg.jpg#originWidth=1200&originHeight=1200","匿名作者0030","user-0030",""
"春风吹","wix:video://v1/b20c9b_1373b4f74983410593722c5a94082ee0/pv.mp4#posterUri=b20c9b_1373b4f74983410593722c5a94082ee0f001.jpg&posterWidth=854&posterHeight=480","211","wix:image://v1/b20c9b_305cf970064b45c0b25d5599f93aa862~mv2.jpg/bg.jpg#originWidth=1679&originHeight=1499","匿名作者0215","user-0215",""
"夜行少女","wix:video://v1/485e03_ad9fe82d8c5147d8ac9be8ec448cb110/pv.mp4#posterUri=485e03_ad9fe82d8c5147d8ac9be8ec448cb110f001.jpg&posterWidth=1918&posterHeight=1080","123","wix:image://v1/485e03_a28103dba0f24e0dbc29621e44582afe~mv2.jpg/bg.jpg#originWidth=990&originHeight=1280","匿名作者0127","user-0127",""
"夜行少女","wix:video://v1/82ffc9_e6c09daa5ad94e2dbe606a2f0a7ea340/bg.mp4#posterUri=82ffc9_e6c09daa5ad94e2dbe606a2f0a7ea340f001.jpg&posterWidth=1280&posterHeight=720","66","wix:image://v1/82ffc9_01fe8be9764b466881e61c42742565f5~mv2.jpg/bg.jpg#originWidth=990&originHeight=1280","匿名作者0027","user-0027",""
"「追逐月光」","","239","wix:image://v1/c9b09f_0d8a80fa51cb410c99d648e6032520d7~mv2.jpg/bg.jpg#originWidth=1280&originHeight=1280","匿名作者0235","user-0235","true"
"中山公园圆舞曲","","93","wix:image://v1/13c3e8_ef45d8d38a6c4c56af5668fcd5a4cf0d~mv2.jpg/bg.jpg#originWidth=640&originHeight=640","匿名作者0171","user-0171","true"
"最後通牒","wix:video://v1/0a5b51_fc8f4a618510443ca9b2c5bcb93c348c/pv.mp4#posterUri=0a5b51_fc8f4a618510443ca9b2c5bcb93c348cf001.jpg&posterWidth=640&posterHeight=360","164","wix:image://v1/0a5b51_c67c9f0e5332479ab10b02cf11dfcefe~mv2.jpg/bg.jpg#originWidth=1280&originHeight=720","匿名作者0182","user-0182","true"
"再飞行","wix:video://v1/7f7e91_bff2ef9a188848bdbafaea5a5d7c1223/PV.mp4#posterUri=7f7e91_bff2ef9a188848bdbafaea5a5d7c1223f001.jpg&posterWidth=854&posterHeight=480","12","wix:image://v1/7f7e91_be45d6a42ecf4decbc2cf286a82cef12~mv2.jpg/bg.jpg#originWidth=1024&originHeight=1024","匿名作者0158","user-0158","true"
"上海神話","wix:video://v1/b58a13_8ff77eaf8e31414b8f26545788599b38/bg.mp4#posterUri=b58a13_8ff77eaf8e31414b8f26545788599b38f001.jpg&posterWidth=854&posterHeight=480","169","wix:image://v1/b58a13_62d590d925ae48eebf991ed3cae0d1df~mv2.png/bg.png#originWidth=2000&originHeight=2000","匿名作者0118","user-0118","true"
"万象霜天","wix:video://v1/305fca_0cee21ba319041978b17b3d047cf1d89/pv.mp4#posterUri=305fca_0cee21ba319041978b17b3d047cf1d89f001.jpg&posterWidth=1280&posterHeight=720","38","wix:image://v1/305fca_774160382dc54d16ac470cc5a6952d54~mv2.jpg/bg.jpg#originWidth=939&originHeight=940","匿名作者0205","user-0205","true"
"夜航星","","67","wix:image://v1/95c968_f01dcaae21b84c43ab258745bbde9f68~mv2.jpg/bg.jpg#originWidth=1920&originHeight=1080","匿名作者0113","user-0113","true"
"真实之钥","","186","wix:image://v1/2bd3a3_65780b4d227d43e9990247fa5363574b~mv2.jpg/bg.jpg#originWidth=1025&originHeight=1000","匿名作者0086","user-0086",""
"着魔","","151","wix:image://v1/c814ff_9798d117c0b646c3819e056cff2f0aab~mv2.jpg/bg.jpg#originWidth=320&originHeight=320","匿名作者0001","user-0001","true"
"头发乱了","","131","wix:image://v1/2d0cf8_534680c6816745768f86e9b57ca9cb9e~mv2.png/bg.png#originWidth=1200&originHeight=1200","匿名作者0022","user-0022",""
"Checkmate","wix:video://v1/1878d4_9097c44ba7524de6be0b203a33d1cc9f/pv.mp4#posterUri=1878d4_9097c44ba7524de6be0b203a33d1cc9ff001.jpg&posterWidth=1280&posterHeight=720","106","wix:image://v1/1878d4_4cc80c9dd36d4830b8afc16532df5c8a~mv2.jpg/bg.jpg#originWidth=960&originHeight=960","匿名作者0121","user-0121","true"
"再见","","230","wix:image://v1/176848_606bd6ad518f4cf99e876bd4c4dc0c59~mv2.jpg/bg.jpg#originWidth=300&originHeight=300","匿名作者0012","user-0012",""
"百变酒精","wix:video://v1/b6580d_72b58f61ed414c17b11eee853f66c363/bg.mp4#posterUri=b6580d_72b58f61ed414c17b11eee853f66c363f001.jpg&posterWidth=720&posterHeight=480","135","wix:image://v1/b6580d_f4a2e2ffaee24278831f56848bd376cd~mv2.png/bg.png#originWidth=972&originHeight=902","匿名作者0167","user-0167",""
"电击小子","wix:video://v1/e07fbc_bb83a7c7d6b0461caebbeffe8bf85159/pv.mp4#posterUri=e07fbc_bb83a7c7d6b0461caebbeffe8bf85159f001.jpg&posterWidth=1280&posterHeight=720","75","wix:image://v1/e07fbc_2ca5413b0a244bd7910492b4c7bfdfb2~mv2.jpg/bg.jpg#originWidth=576&originHeight=576","匿名作者0208","user-0208","true"
"红尘白刃","","203","wix:image://v1/86706b_fd383afa14f64e66a4e736691dd8360a~mv2.png/bg.png#originWidth=1772&originHeight=1772","匿名作者0116","user-0116",""
"25","wix:video://v1/029cba_eea1067bcb2e4fe48ba14402289c78f0/pv.mp4#posterUri=029cba_eea1067bcb2e4fe48ba14402289c78f0f001.jpg&posterWidth=854&posterHeight=480","215","wix:image://v1/029cba_0c688d02d2f5420db569174518dacf56~mv2.jpg/bg.jpg#originWidth=500&originHeight=500","匿名作者0109","user-0109",""
"一起跳","","192","wix:image://v1/d9df4b_9da7a179b8b045379a4cc7f1367d9c9d~mv2.jpg/bg.jpg#originWidth=500&originHeight=500","匿名作者0196","user-0196",""
"闪电冲线","wix:video://v1/bb638c_c35d3596cdc54a1c9d28b35e54ab37e1/bg.mp4#posterUri=bb638c_c35d3596cdc54a1c9d28b35e54ab37e1f001.jpg&posterWidth=1280&posterHeight=720","112","wix:image://v1/bb638c_2549640397c549d1af72cddfa71c18e8~mv2.jpg/bg.jpg#originWidth=1917&originHeight=1431","匿名作者0175","user-0175","true"
"在风暴的中央","","147","wix:image://v1/1ba5fc_3f72252c9daf4318a222bdf7f10a9129~mv2.jpg/bg.jpg#originWidth=1772&originHeight=1772","匿名作者0144","user-0144","true"
"就现在","wix:video://v1/2430ef_760461302e46414686f33f17bc1dd007/pv.mov#posterUri=2430ef_760461302e46414686f33f17bc1dd007f001.jpg&posterWidth=1280&posterHeight=720","127","wix:image://v1/2430ef_7be80ecd5b884b37bc8badffbaed5dca~mv2.png/DED3FC73D84BE6CC008FCA6B0507AB45.png#originWidth=1256&originHeight=1206","匿名作者0095","user-0095",""
"穷开挂","wix:video://v1/44d0fb_571e7d83569c4405aeb09bef6bd37639/pv.mp4#posterUri=44d0fb_571e7d83569c4405aeb09bef6bd37639f001.jpg&posterWidth=640&posterHeight=360","35","wix:image://v1/44d0fb_d913dd7404e0411ea31a1ff4f5c12474~mv2.jpg/bg.jpg#originWidth=515&originHeight=372","匿名作者0103","user-0103","true"
"世末歌者","","219","wix:image://v1/a37b13_0dcd4430cb994aedaa4bcd00ef44fc5f~mv2.png/bg.png#originWidth=794&originHeight=718","匿名作者0024","user-0024","true"
"「廉价」","wix:video://v1/84e12d_cf7b6470a10a49aaa78087b3854b141a/bg.mp4#posterUri=84e12d_cf7b6470a10a49aaa78087b3854b141af001.jpg&posterWidth=854&posterHeight=480","141","wix:image://v1/84e12d_2beda0adf8c24dc9933470bce6519ee4~mv2.png/bg.png#originWidth=2048&originHeight=2048","匿名作者0221","user-0221","true"
"灼之花","wix:video://v1/c5b537_dca5af32191349cfaf1975576d47776d/pv.mp4#posterUri=c5b537_dca5af32191349cfaf1975576d47776df001.jpg&posterWidth=854&posterHeight=480","188","wix:image://v1/c5b537_3db2067c17254af7a84db04d809463d3~mv2.png/bg.png#originWidth=931&originHeight=837","匿名作者0107","user-0107",""
"踏浪","","212","wix:image://v1/1d4bd2_a956c8c4c5ee4086ae6887cce967cee1~mv2.jpg/bg.jpg#originWidth=3000&originHeight=3000","匿名作者0191","user-0191","true"
"非人哉","wix:video://v1/502a96_8388a0c500364ef6a93fc1a2e1ad3ecf/pv.mp4#posterUri=502a96_8388a0c500364ef6a93fc1a2e1ad3ecff001.jpg&posterWidth=1920&posterHeight=1080","1","wix:image://v1/502a96_4bab0d14975e43a3b26d6b46a7c1965b~mv2.jpg/bg.jpg#originWidth=1448&originHeight=1400","匿名作者0148","user-0148","true"
"初岚","wix:video://v1/40818a_28fda07253494db0898aea096026959f/pv.mp4#posterUri=40818a_28fda07253494db0898aea096026959ff001.jpg&posterWidth=854&posterHeight=480","231","wix:image://v1/40818a_e01eac990c0942d98dc1a724228022b3~mv2.jpg/bg.jpg#originWidth=1382&originHeight=1382","匿名作者0071","user-0071",""
"浪漫探险","","161","wix:image://v1/f8b705_07a63cd8341e4c4bbb696047488ae9bd~mv2.png/bg.png#originWidth=672&originHeight=378","匿名作者0069","user-0069","true"
"大艺术家","wix:video://v1/ca729b_8df18893d45a4f9ba4bc5c2b6995f72b/bga.mp4#posterUri=ca729b_8df18893d45a4f9ba4bc5c2b6995f72bf001.jpg&posterWidth=1920&posterHeight=1080","105","wix:image://v1/ca729b_67f97714fb054e45b6f5e590b61b097d~mv2.jpg/bg.jpg#originWidth=456&originHeight=456","匿名作者0062","user-0062","true"
"伞护","","8","wix:image://v1/cd801f_54270533b3c7492788e071ebafeb4cb8~mv2.jpg/bg.jpg#originWidth=640&originHeight=640","匿名作者0189","user-0189","true"
"皇后大道東","wix:video://v1/2f3700_8060aec2fe9e4070be7596abb8ad16ec/bg.mp4#posterUri=2f3700_8060aec2fe9e4070be7596abb8ad16ecf001.jpg&posterWidth=1280&posterHeight=720","146","wix:image://v1/2f3700_1e1c41c8122f42248844ef06c05a9e2d~mv2.jpg/bg.jpg#originWidth=1080&originHeight=1080","匿名作者0097","user-0097","true"
"青空Magic Day","","77","wix:image://v1/ad5117_7dcbbac0194843188fe1eed601b079a1~mv2.jpg/bg.jpg#originWidth=640&originHeight=640","匿名作者0186","user-0186","true"
"难过233秒","wix:video://v1/3f6e8f_9a45fdf48b0940379f4c1acefe6c400e/bg.mp4.mp4#posterUri=3f6e8f_9a45fdf48b0940379f4c1acefe6c400ef001.jpg&posterWidth=1920&posterHeight=1080","25","wix:image://v1/3f6e8f_b370f0b34e7c4153b176fbcba56d023f~mv2.jpg/bg.jpg.jpg#originWidth=1728&originHeight=1080","匿名作者0151","user-0151","true"
"眉飞色舞","wix:video://v1/93ac1b_d93bc099c1ff4f65a99c1bc1ea4f3fcc/bg.mp4#posterUri=93ac1b_d93bc099c1ff4f65a99c1bc1ea4f3fccf001.jpg&posterWidth=1280&posterHeight=720","32","wix:image://v1/93ac1b_57c7d4b148c04699b9381e9d9cefae73~mv2.jpg/bg.jpg#originWidth=1400&originHeight=1444","匿名作者0036","user-0036",""
"轮椅主播重度残疾","wix:video://v1/b97564_c5f57d5bd2cf42c09d3a473c42efc161/bg.mp4#posterUri=b97564_c5f57d5bd2cf42c09d3a473c42efc161f001.jpg&posterWidth=640&posterHeight=480","7","wix:image://v1/b97564_988ea3ad815548b988420459972a338f~mv2.png/bg.png#originWidth=672&originHeight=378","匿名作者0225","user-0225","true"
"加速度","wix:video://v1/fe37c6_ff436b941915427186be6dae7781cc78/bg.mp4#posterUri=fe37c6_ff436b941915427186be6dae7781cc78f001.jpg&posterWidth=1920&posterHeight=1080","226","wix:image://v1/fe37c6_b217bb31be854b7a90bcdddc3a8ad039~mv2.jpg/bg.jpg#originWidth=800&originHeight=800","匿名作者0147","user-0147",""
"天灵灵地灵灵","wix:video://v1/bd9fbb_3aebec9f7fcb4b15a2ede27dc6a9752c/mv.mp4#posterUri=bd9fbb_3aebec9f7fcb4b15a2ede27dc6a9752cf001.jpg&posterWidth=1280&posterHeight=720","209","wix:image://v1/bd9fbb_f59a97a852ba4d0086fa626076b38acd~mv2.jpg/bg.jpg#originWidth=1080&originHeight=1080","匿名作者0236","user-0236","true"
"三色绘恋","wix:video://v1/a26d9c_bc9b185a4a17417eaef6e99b45834251/bg.mp4#posterUri=a26d9c_bc9b185a4a17417eaef6e99b45834251f001.jpg&posterWidth=1280&posterHeight=720","94","wix:image://v1/a26d9c_4525e2235f9c421a9a5d8fef6d05e167~mv2.png/bg.png#originWidth=515&originHeight=515","匿名作者0051","user-0051",""
"afflatus","wix:video://v1/1396c6_3723219506414c469a211cc9e082512b/bg.mp4#posterUri=1396c6_3723219506414c469a211cc9e082512bf001.jpg&posterWidth=1920&posterHeight=1080","60","wix:image://v1/1396c6_7af88e341a1948baa804193dd0157d0e~mv2.jpg/bg.jpg#originWidth=3157&originHeight=3157","匿名作者0212","user-0212","true"
"伤心的人别听慢歌","","170","wix:image://v1/9fbd5b_3fd4400d0dd74ac8be079c72dee52fc2~mv2.jpg/bg.jpg#originWidth=960&originHeight=960","匿名作者0034","user-0034",""
"咆哮 (Growl)","wix:video://v1/c2fc39_3efe89792adb47eea561a3762fe90c54/bg.mp4#posterUri=c2fc39_3efe89792adb47eea561a3762fe90c54f001.jpg&posterWidth=720&posterHeight=720","18","wix:image://v1/c2fc39_4e563ade6cea4d3685ebc2f089950cfd~mv2.jpg/bg.jpg#originWidth=500&originHeight=500","匿名作者0203","user-0203","true"
"一梦千宵","wix:video://v1/a2d146_c05853f594224f048c9b1218c63f995b/pv.mp4#posterUri=a2d146_c05853f594224f048c9b1218c63f995bf001.jpg&posterWidth=720&posterHeight=720","3","wix:image://v1/a2d146_aacd1dff1df447a28b0a84f15f738f00~mv2.jpg/bg.jpg#originWidth=1080&originHeight=1080","匿名作者0237","user-0237","true"
"朋友的酒","","91","wix:image://v1/7f1e5f_99241942c8a74fd4ae64c92722a42b77~mv2.jpg/bg.jpg#originWidth=800&originHeight=800","匿名作者0090","user-0090",""
"天生鬼才","wix:video://v1/eb5572_2162477345f145118436f45a983edd42/bg.mp4#posterUri=eb5572_2162477345f145118436f45a983edd42f001.jpg&posterWidth=1080&posterHeight=1080","238","wix:image://v1/eb5572_e05a06b0424c4f1b9355d8b65d8b8e8f~mv2.jpg/bg.jpg#originWidth=1000&originHeight=1000","匿名作者0039","user-0039",""
"终末心声","wix:video://v1/7bf306_c73e1ca43db6485c8873e9e0aa52b58c/bg.mp4#posterUri=7bf306_c73e1ca43db6485c8873e9e0aa52b58cf001.jpg&posterWidth=640&posterHeight=360","90","wix:image://v1/7bf306_d2f0a115d899472583425dfe39a48cce~mv2.jpg/bg.jpg#originWidth=512&originHeight=512","匿名作者0197","user-0197","true"
"李文和奇兹萝第三次合作","","45","wix:image://v1/741aac_9892fe2e6e914c5d8823402332eb7a87~mv2.jpg/bg.jpg#originWidth=500&originHeight=500","匿名作者0218","user-0218","true"
"鞋子特大号","wix:video://v1/a7a141_24d48c6c63834eb6bdf39f62a327f187/bg.mp4#posterUri=a7a141_24d48c6c63834eb6bdf39f62a327f187f001.jpg&posterWidth=854&posterHeight=480","223","wix:image://v1/a7a141_a7d31f7ed5bf4f9688b5bb8677d308a5~mv2.jpg/bg.jpg#originWidth=740&originHeight=748","匿名作者0046","user-0046","true"
"神经病之歌.Remix","wix:video://v1/26583a_4123b484bc5b4d7a8274a22d7ab4e056/bg.mp4#posterUri=26583a_4123b484bc5b4d7a8274a22d7ab4e056f001.jpg&posterWidth=1920&posterHeight=1080","16","wix:image://v1/26583a_78ed7f219658464a863e5636faaed71f~mv2.png/bg.png#originWidth=672&originHeight=378","匿名作者0102","user-0102","true"
"鸭梨大","","47","wix:image://v1/3bc3ad_7d37f396aa80489e83c689bc5008f0fc~mv2.jpg/bg.jpg#originWidth=2480&originHeight=2480","匿名作者0211","user-0211","true"
"烙","wix:video://v1/ec0a68_5e0a9ba8eca9402fa73aec0f7aebc813/pv.mp4#posterUri=ec0a68_5e0a9ba8eca9402fa73aec0f7aebc813f001.jpg&posterWidth=1920&posterHeight=1080","185","wix:image://v1/ec0a68_6ca1739a112a48bc903cdec1d2d44056~mv2.jpg/bg.jpg#originWidth=1440&originHeight=1440","匿名作者0060","user-0060",""
"下个，路口，见","wix:video://v1/d096a2_d8da201c7fdb46cc82199968d7591e24/pv.mp4#posterUri=d096a2_d8da201c7fdb46cc82199968d7591e24f001.jpg&posterWidth=428&posterHeight=240","10","wix:image://v1/d096a2_676828ceb2c34ee7a8626db2a16675da~mv2.jpg/bg.jpg#originWidth=1212&originHeight=681","匿名作者0061","user-0061","true"
"小阳春","wix:video://v1/ff432b_fd0f748ea80846928948994f2e50faaa/bg.mp4#posterUri=ff432b_fd0f748ea80846928948994f2e50faaaf001.jpg&posterWidth=1280&posterHeight=720","134","wix:image://v1/ff432b_30d2b692a56a4a74af904b154b61d6b3~mv2.jpg/bg.jpg#originWidth=1252&originHeight=1252","匿名作者0178","user-0178",""
"好爸爸坏爸爸","","48","wix:image://v1/b4047f_0961fc189d59486c81fc50e3cee38d0b~mv2.jpg/bg.jpg#originWidth=1115&originHeight=1115","匿名作者0157","user-0157","true"
"请不要带我走。","","2","wix:image://v1/50da8c_d0499d4de80f4f5bae744b1b4cba72e7~mv2.jpg/bg.jpg#originWidth=900&originHeight=900","匿名作者0153","user-0153","true"
"在这一年一半之时","wix:video://v1/12e140_ebd97c90e1354b1f9c4fe11744a948a6/bg.mp4#posterUri=12e140_ebd97c90e1354b1f9c4fe11744a948a6f001.jpg&posterWidth=854&posterHeight=480","150","wix:image://v1/12e140_776fcc83542e480f937b7ab8e76724c6~mv2.png/bg.png#originWidth=1117&originHeight=1117","匿名作者0169","user-0169","true"
"月牙灣","","171","wix:image://v1/76d8a2_0a2fd54ca5e549939464933e45e006ff~mv2.jpg/bg.jpg#originWidth=500&originHeight=500","匿名作者0207","user-0207","true"
"2am","wix:video://v1/a066aa_bb44bec38a704f47a2ac9b4ed45971ad/bg.mp4#posterUri=a066aa_bb44bec38a704f47a2ac9b4ed45971adf001.jpg&posterWidth=720&posterHeight=540","125","wix:image://v1/a066aa_a886f8fc277a484b84d936e9b723cb93~mv2.jpg/bg.jpg#originWidth=3000&originHeight=3000","匿名作者0035","user-0035","true"
"海棠仙","wix:video://v1/bc607b_15e0664d4ea74706a1529fc4702fab5c/bg.mp4#posterUri=bc607b_15e0664d4ea74706a1529fc4702fab5cf001.jpg&posterWidth=1082&posterHeight=608","222","wix:image://v1/bc607b_fd97d19da94242fb995eb7598bf8c5ef~mv2.png/bg.png#originWidth=1080&originHeight=1080","匿名作者0164","user-0164",""
"袈裟","wix:video://v1/db1b32_61c8f7e10caa43439c7dd429e0eb1647/pv.mp4#posterUri=db1b32_61c8f7e10caa43439c7dd429e0eb1647f001.jpg&posterWidth=1080&posterHeight=1080","176","wix:image://v1/db1b32_6541d924be59499b83a4d9dc36a24a45~mv2.jpg/bg.jpg#originWidth=828&originHeight=828","匿名作者0013","user-0013","true"
"选择","wix:video://v1/62ee99_43e16796cc3e4f0f846980fd537b4da4/pv.mp4#posterUri=62ee99_43e16796cc3e4f0f846980fd537b4da4f001.jpg&posterWidth=1916&posterHeight=1080","117","wix:image://v1/62ee99_54b9d988574042d2ba8f74ba95dc4ddf~mv2.jpg/bg.jpg#originWidth=1348&originHeight=1348","匿名作者0132","user-0132","true"
"灰色鹦鹉","wix:video://v1/6618d5_24b07b56cad847a0b9346d56463fd604/bg.mp4#posterUri=6618d5_24b07b56cad847a0b9346d56463fd604f001.jpg&posterWidth=1920&posterHeight=1080","99","wix:image://v1/6618d5_31560092849b4d3da4eaa77bc92fef5a~mv2.jpg/1572.jpg#originWidth=1728&originHeight=1080","匿名作者0138","user-0138","true"
"More！Juice！More！","wix:video://v1/dec625_5e180c1616a2433183ce0a2d90c02eaf/pv.mp4#posterUri=dec625_5e180c1616a2433183ce0a2d90c02eaff001.jpg&posterWidth=854&posterHeight=480","214","wix:image://v1/dec625_75c2b9c67238456eb8cc824cc1f7803c~mv2.jpg/bg.jpg#originWidth=1920&originHeight=1080","匿名作者0238","user-0238","true"
"壁虎漫步","","179","wix:image://v1/6d8f26_18f0a490e1104a4d837d61ac8830a433~mv2.jpg/bg.jpg#originWidth=1388&originHeight=1388","匿名作者0226","user-0226","true"
"龙拳","wix:video://v1/f4f5fd_3debd84174a945be8b77215d2caccf9e/pv.mp4#posterUri=f4f5fd_3debd84174a945be8b77215d2caccf9ef001.jpg&posterWidth=852&posterHeight=480","96","wix:image://v1/f4f5fd_10ff8d13216245359ef1533b4f8f2134~mv2.jpg/bg.jpg#originWidth=551&originHeight=551","匿名作者0077","user-0077","true"
"爱的主打歌","","128","wix:image://v1/e17f52_aeaab3d321fc4d299765e45cd0d11d27~mv2.jpg/bg.jpg#originWidth=800&originHeight=800","匿名作者0193","user-0193","true"
"小丑","wix:video://v1/097b5e_edcb18996f6c4968ad1b797b27f7567c/bg.mp4#posterUri=097b5e_edcb18996f6c4968ad1b797b27f7567cf001.jpg&posterWidth=1280&posterHeight=720","191","wix:image://v1/097b5e_3cc904d868e1451788011c708f575aa4~mv2.jpg/bg.jpg#originWidth=1400&originHeight=1400","匿名作者0008","user-0008",""
"南京夜无电波讯号","wix:video://v1/f3fb0c_7352d59ffb394001b3a8f71e887e6a01/pv.mp4#posterUri=f3fb0c_7352d59ffb394001b3a8f71e887e6a01f001.jpg&posterWidth=1920&posterHeight=1080","137","wix:image://v1/f3fb0c_534de840c73c46ec8240f9f68fee8d27~mv2.jpg/bg.jpg#originWidth=1800&originHeight=1012","匿名作者0099","user-0099","true"
"水手","","175","wix:image://v1/aab94d_6a54d221c7d646c48a06d4c57481ee4c~mv2.jpg/bg.jpg#originWidth=1400&originHeight=1400","匿名作者0074","user-0074",""
"巨物恐惧症","","109","wix:image://v1/cf7fe7_50b42b71f7a24188a64ea824ece16b13~mv2.jpg/bg.jpg#originWidth=800&originHeight=800","匿名作者0089","user-0089",""
"彩虹节拍","","207","wix:image://v1/b2d90d_d5ccdacec5624472b2a150cef941e9c6~mv2.jpg/bg.jpg#originWidth=1920&originHeight=1080","匿名作者0042","user-0042","true"
"中国话","wix:video://v1/ec917f_d46cfda77a7a4adba92a5e63664d8e08/pv.mp4#posterUri=ec917f_d46cfda77a7a4adba92a5e63664d8e08f001.jpg&posterWidth=854&posterHeight=480","37","wix:image://v1/ec917f_660fc598ed744fbca08bcff7d3c9f278~mv2.jpg/bg.jpg#originWidth=1537&originHeight=1074","匿名作者0152","user-0152",""
"藏色(Opal)","wix:video://v1/ffd813_f6c5b5b8668943c4ac4857deda22e894/pv.mp4#posterUri=ffd813_f6c5b5b8668943c4ac4857deda22e894f001.jpg&posterWidth=1280&posterHeight=720","172","wix:image://v1/ffd813_5b7345467d5344f8af88424e31b58075~mv2.jpg/bg.jpg#originWidth=960&originHeight=960","匿名作者0142","user-0142",""
"神的随波逐流","wix:video://v1/2347e1_66d0eaa2b6df4dba9243df9cb0f853b3/pv.mp4#posterUri=2347e1_66d0eaa2b6df4dba9243df9cb0f853b3f001.jpg&posterWidth=480&posterHeight=480","26","wix:image://v1/2347e1_a6a8d86b492848b4a52b6f3ec14959b8~mv2.png/bg.png#originWidth=1080&originHeight=1080","匿名作者0130","user-0130","true"
"碎镜","wix:video://v1/2a24c6_b5d9e992b0734b58b47e9337ee23a2e9/pv.mp4#posterUri=2a24c6_b5d9e992b0734b58b47e9337ee23a2e9f001.jpg&posterWidth=1280&posterHeight=720","126","wix:image://v1/2a24c6_4d6133cfe00c423fbcc5b20fadb60e7a~mv2.jpg/bg.jpg#originWidth=734&originHeight=734","匿名作者0140","user-0140",""
"朝你大胯捏一把","wix:video://v1/11aeb8_f0e00e6ca7db4fe8a786d9b658c7eca9/pv.mp4#posterUri=11aeb8_f0e00e6ca7db4fe8a786d9b658c7eca9f001.jpg&posterWidth=852&posterHeight=480","31","wix:image://v1/11aeb8_ba4adeb0dd394726815bf74cd7351ce4~mv2.png/bg.png#originWidth=1080&originHeight=1079","匿名作者0220","user-0220","true"
"喊压声的那俩人","","163","wix:image://v1/59eea8_00518cd0ba6b4982891223441b5669a3~mv2.jpg/bg.jpg#originWidth=3000&originHeight=3000","匿名作者0059","user-0059",""
"撑杆跳撑杆跳 ! !","wix:video://v1/c5381f_97bc83aee13440d685ae9fbb619c5469/bg.mp4#posterUri=c5381f_97bc83aee13440d685ae9fbb619c5469f001.jpg&posterWidth=600&posterHeight=600","237","wix:image://v1/c5381f_75a60957911a4c46a532f79af83aaa04~mv2.jpg/bg.jpg#originWidth=960&originHeight=960","匿名作者0174","user-0174",""
"周大侠","wix:video://v1/a57c7b_993350118fbb45bfa38b61d8bb7bae37/pv.mp4#posterUri=a57c7b_993350118fbb45bfa38b61d8bb7bae37f001.jpg&posterWidth=854&posterHeight=480","104","wix:image://v1/a57c7b_e8941b190c4747a6b6a1b800ce36081b~mv2.jpg/bg.jpg#originWidth=640&originHeight=640","匿名作者0209","user-0209",""
"单向地铁","","193","wix:image://v1/6e3712_0c8fbb52cbc142e880cd171ce82d68f0~mv2.jpg/bg.jpg#originWidth=1078&originHeight=1078","匿名作者0216","user-0216","true"
"嗵嗵","","224","wix:image://v1/0ffc68_829a995e45414d399a592776aabd147b~mv2.jpg/bg.jpg#originWidth=300&originHeight=300","匿名作者0019","user-0019",""
"24個比利","wix:video://v1/d8f3d5_9c81b80dc3494c2f8d96d3aec50af9b1/bg.mp4#posterUri=d8f3d5_9c81b80dc3494c2f8d96d3aec50af9b1f001.jpg&posterWidth=874&posterHeight=480","162","wix:image://v1/d8f3d5_17054cf7bf1c45c298f34f330d10e90c~mv2.png/bg.png#originWidth=500&originHeight=500","匿名作者0136","user-0136",""
"辞职信","","98","wix:image://v1/5a23e9_03db1cca935b488e8f2d4e8b6ffdc42c~mv2.jpg/bg.jpg#originWidth=3000&originHeight=3000","匿名作者0084","user-0084",""
"護花使者","wix:video://v1/45021a_86da5988acdd4e84bb2f87bfaba68926/pv.mp4#posterUri=45021a_86da5988acdd4e84bb2f87bfaba68926f001.jpg&posterWidth=688&posterHeight=400","114","wix:image://v1/45021a_f51528d0e6d94b0d9ba8c65aaf8dff4e~mv2.jpg/bg.jpg#originWidth=800&originHeight=797","匿名作者0056","user-0056","true"
"嘤嘤大作战","wix:video://v1/853cc2_2d2c87f4f9fc46a7b257cbce18f6ac24/pv.mp4#posterUri=853cc2_2d2c87f4f9fc46a7b257cbce18f6ac24f001.jpg&posterWidth=1280&posterHeight=720","89","wix:image://v1/853cc2_d19dad15b789411d980dcedbd1e09b8f~mv2.jpg/bg.jpg#originWidth=716&originHeight=716","匿名作者0210","user-0210",""
"库里之歌","wix:video://v1/ed4849_1344ec4e4bf84e7abe28125ab5bca4b6/bg.mp4#posterUri=ed4849_1344ec4e4bf84e7abe28125ab5bca4b6f001.jpg&posterWidth=1920&posterHeight=1080","30","wix:image://v1/ed4849_c0b0100f55834c80bfac296284bacdc1~mv2.jpg/bg.jpg#originWidth=1080&originHeight=1080","匿名作者0003","user-0003","true"
"彼岸的安魂曲","","97","wix:image://v1/aa2b05_9c600a5b97db48e6a236df9d324511b8~mv2.png/bg.png#originWidth=876&originHeight=875","匿名作者0222","user-0222","true"
"想把心事和你说","wix:video://v1/69c512_74873bb0ed21456095f2cfe7f36ae122/pv.mp4#posterUri=69c512_74873bb0ed21456095f2cfe7f36ae122f001.jpg&posterWidth=852&posterHeight=472","9","wix:image://v1/69c512_c84cf562a4ba411a8bfa632d280e63bb~mv2.jpg/bg.jpg#originWidth=564&originHeight=564","匿名作者0009","user-0009","true"
"日不落","wix:video://v1/90157c_d823d43d5b134ab2a1a0c1435272f93f/bg.mp4#posterUri=90157c_d823d43d5b134ab2a1a0c1435272f93ff001.jpg&posterWidth=1080&posterHeight=1080","81","wix:image://v1/90157c_fe44d72918e147a4aa3d96c8f062b18b~mv2.jpg/bg.jpg#originWidth=4088&originHeight=4086","匿名作者0217","user-0217",""
"南京夜无电波讯号","wix:video://v1/1ce422_3666a58f58424935a8df3b88b744721e/bg.mp4#posterUri=1ce422_3666a58f58424935a8df3b88b744721ef001.jpg&posterWidth=852&posterHeight=480","157","wix:image://v1/1ce422_0e307357d50345f29179b72147702ad2~mv2.jpg/bg.jpg#originWidth=500&originHeight=500","匿名作者0026","user-0026",""
"蟾蜍","wix:video://v1/2db848_5bfeb45931ea46efa66f6756cfb8676b/pv.mp4#posterUri=2db848_5bfeb45931ea46efa66f6756cfb8676bf001.jpg&posterWidth=852&posterHeight=480","183","wix:image://v1/2db848_967f553a2acd4373964bd054338635ac~mv2.jpg/bg.jpg#originWidth=750&originHeight=750","匿名作者0093","user-0093",""
"年轻的英雄","wix:video://v1/e50d89_8045848b305e4ad1a21ca3feb2cc4f91/bg.mp4#posterUri=e50d89_8045848b305e4ad1a21ca3feb2cc4f91f001.jpg&posterWidth=720&posterHeight=480","118","wix:image://v1/e50d89_5d8555efd751451f903491529fcf831b~mv2.jpg/bg.jpg#originWidth=540&originHeight=540","匿名作者0190","user-0190","true"
"宠爱","wix:video://v1/95e82c_8e39b0328af045b4beedcf0cf42695d4/pv.mp4#posterUri=95e82c_8e39b0328af045b4beedcf0cf42695d4f001.jpg&posterWidth=854&posterHeight=480","74","wix:image://v1/95e82c_391d176535e64497aaa635d3338261e2~mv2.png/bg.png#originWidth=1123&originHeight=1123","匿名作者0098","user-0098","true"
"朝霞与晚霞都消失不见","wix:video://v1/305798_a3bdd3f6709f41649a11e8c77b62278d/pv.mp4#posterUri=305798_a3bdd3f6709f41649a11e8c77b62278df001.jpg&posterWidth=1280&posterHeight=720","49","wix:image://v1/305798_7674d359696041699d1a3394a1cda22d~mv2.png/bg.png#originWidth=720&originHeight=720","匿名作者0104","user-0104","true"
"ReDreaming Angel 复梦天使","wix:video://v1/37df13_d6b18695d98a4a0fbdfd9f8aa71869a0/6045.mp4#posterUri=37df13_d6b18695d98a4a0fbdfd9f8aa71869a0f001.jpg&posterWidth=480&posterHeight=480","71","wix:image://v1/37df13_c4348206203e4f96b3c01a3259e4dca2~mv2.jpg/6046.jpg#originWidth=3000&originHeight=3000","匿名作者0020","user-0020","true"
"DISCO NIGHT","","115","wix:image://v1/fff6d8_5273b44160f5482a8d9a1a7588423ff7~mv2.jpg/bg.jpg#originWidth=600&originHeight=600","匿名作者0023","user-0023","true"
"繁华唱遍","","236","wix:image://v1/24e165_e8f144259f52446ca8ef7a56c3164497~mv2.jpg/bg.jpg#originWidth=1091&originHeight=1091","匿名作者0180","user-0180",""
"膨胀","","158","wix:image://v1/b566f6_19c077da662c496584cc96c6b65ab76f~mv2.jpg/bg.jpg#originWidth=447&originHeight=447","匿名作者0100","user-0100",""
"人在旅途","","136","wix:image://v1/b3aae7_2057ba2ec91148f6866c47fbe45dc79d~mv2.png/bg.png#originWidth=577&originHeight=554","匿名作者0181","user-0181",""
"超能力","wix:video://v1/673828_4c8d776d993b433884ab8115af48b866/bg.mp4#posterUri=673828_4c8d776d993b433884ab8115af48b866f001.jpg&posterWidth=1280&posterHeight=720","14","wix:image://v1/673828_bfcda4c4315640369982ca74d97c4271~mv2.jpg/bg.jpg#originWidth=2000&originHeight=2000","匿名作者0106","user-0106",""
"盏茗","","27","wix:image://v1/e95c10_4fc2ee1c84f0474dbf085ed086a9861f~mv2.png/bg.png#originWidth=1334&originHeight=750","匿名作者0184","user-0184","true"
"PUNCH YOU！！！feat.重音テト","wix:video://v1/e9e10c_7031dc49ed3349bfacd08f6c88f45404/pv.mp4#posterUri=e9e10c_7031dc49ed3349bfacd08f6c88f45404f001.jpg&posterWidth=1280&posterHeight=720","103","wix:image://v1/e9e10c_f25969c5a89045ca92f097d67fd48918~mv2.jpg/bg.jpg#originWidth=1080&originHeight=1080","匿名作者0075","user-0075",""
"恐高症","wix:video://v1/3d9d1c_478c18934f3641daaf0826b7259b8f8b/pv.MP4#posterUri=3d9d1c_478c18934f3641daaf0826b7259b8f8bf001.jpg&posterWidth=854&posterHeight=480","206","wix:image://v1/3d9d1c_ab10d525e77a4d98b4aac00bf16c07a6~mv2.jpg/bg.jpg#originWidth=997&originHeight=716","匿名作者0037","user-0037",""
"穷开心","","108","wix:image://v1/6f5175_8e216dc67c504b8e9bc0f0049e94a4e8~mv2.jpg/bg.jpg#originWidth=750&originHeight=750","匿名作者0230","user-0230","true"
"潇洒小姐","wix:video://v1/5136d7_6095402b0c82471aa0339032e38820be/bg.mp4#posterUri=5136d7_6095402b0c82471aa0339032e38820bef001.jpg&posterWidth=960&posterHeight=540","24","wix:image://v1/5136d7_906bd4c6aa9b49c5a242c92a4895bb19~mv2.png/bg.png#originWidth=600&originHeight=600","匿名作者0057","user-0057","false"
"万象霜天","wix:video://v1/9797b5_e3568f2f6fb640e0b1651bbd5c53e9f9/pv.mp4#posterUri=9797b5_e3568f2f6fb640e0b1651bbd5c53e9f9f001.jpg&posterWidth=854&posterHeight=480","201","wix:image://v1/9797b5_44841872e33a4b37810374cf81bf99ba~mv2.jpg/bg.jpg#originWidth=1077&originHeight=1076","匿名作者0160","user-0160",""
"八方来财","wix:video://v1/a93f8f_5476051d17614ef4bbbdff8ab954ebd7/bg.mp4#posterUri=a93f8f_5476051d17614ef4bbbdff8ab954ebd7f001.jpg&posterWidth=686&posterHeight=480","84","wix:image://v1/a93f8f_2817301a1b5344c6b590296ce1b0668e~mv2.jpg/bg.jpg#originWidth=640&originHeight=640","匿名作者0123","user-0123","true"
"鼻塞","wix:video://v1/e77499_50e589ee67ef4b1180a40bc7204ab11c/bg.mp4#posterUri=e77499_50e589ee67ef4b1180a40bc7204ab11cf001.jpg&posterWidth=1280&posterHeight=720","218","wix:image://v1/e77499_a71a42b190424bf49a42cd367c770f10~mv2.jpg/bg.jpg#originWidth=1920&originHeight=1920","匿名作者0006","user-0006",""
"眼睛想旅行","wix:video://v1/6a1935_0d025b0e03294f92b2c9cc93de89b190/pv.mp4#posterUri=6a1935_0d025b0e03294f92b2c9cc93de89b190f001.jpg&posterWidth=1080&posterHeight=720","80","wix:image://v1/6a1935_59679c6046784af3bc9c2b94e806302b~mv2.jpg/bg.jpg#originWidth=1400&originHeight=1400","匿名作者0076","user-0076","true"
"差不多得了","","73","wix:image://v1/bc266a_3502cc60fc3b4802a35f3afc18662d34~mv2.jpg/bg.jpg#originWidth=2500&originHeight=2500","匿名作者0188","user-0188","true"
"来世願幸","wix:video://v1/d35cf2_2ef5044df6564e2f8e20c4f2046ae519/bg.mp4#posterUri=d35cf2_2ef5044df6564e2f8e20c4f2046ae519f001.jpg&posterWidth=1280&posterHeight=720","92","wix:image://v1/d35cf2_d35f1334ee404e0fb55f186a8accf985~mv2.jpg/bg.jpg#originWidth=960&originHeight=960","匿名作者0031","user-0031","true"
"迷","","79","wix:image://v1/458de7_cc2aa72d0b02495690882619f89e91a8~mv2.jpg/bg.jpg#originWidth=767&originHeight=767","匿名作者0239","user-0239","true"
"冠世一战","","51","wix:image://v1/56446f_f3af222a9c8c439f982efaed040c8c1d~mv2.jpg/bg.jpg#originWidth=600&originHeight=600","匿名作者0139","user-0139","true"
"准备出发！","wix:video://v1/1f8fbc_fffe9f51681149f9a42160865a4e7169/bg.mp4#posterUri=1f8fbc_fffe9f51681149f9a42160865a4e7169f001.jpg&posterWidth=1920&posterHeight=1080","61","wix:image://v1/1f8fbc_25045705af534451b1bfa7dd0dc253a0~mv2.jpg/bg.jpg#originWidth=1000&originHeight=1000","匿名作者0176","user-0176","true"
"关注塔菲谢谢喵","wix:video://v1/4a52a9_f28c0d0d7fdf4ef78799b57ffad57040/pv.mp4#posterUri=4a52a9_f28c0d0d7fdf4ef78799b57ffad57040f001.jpg&posterWidth=720&posterHeight=480","107","wix:image://v1/4a52a9_36e5dcd88aab4f57b3749efde1004950~mv2.png/bg.png#originWidth=459&originHeight=459","匿名作者0231","user-0231","true"
"关注塔菲谢谢喵","wix:video://v1/ed7fe9_6b5e5b439673407d9c7f5b5d4c053494/bg.mp4#posterUri=ed7fe9_6b5e5b439673407d9c7f5b5d4c053494f001.jpg&posterWidth=1280&posterHeight=720","68","wix:image://v1/ed7fe9_378e5ce3fbea493483874caabff5c3a0~mv2.jpg/bg.jpg#originWidth=883&originHeight=883","匿名作者0240","user-0240","true"
"蜗牛与黄鹂鸟","","86","wix:image://v1/8c1f10_5ac5d5672628415285773c1e620fc534~mv2.jpg/bg.jpg#originWidth=800&originHeight=800","匿名作者0122","user-0122","true"
"水手怕水","wix:video://v1/a2fa8e_720a3d6f94fc4889b0fc6939f0dc9dbc/pv.mp4#posterUri=a2fa8e_720a3d6f94fc4889b0fc6939f0dc9dbcf001.jpg&posterWidth=854&posterHeight=480","28","wix:image://v1/a2fa8e_89c81708af8f436199b0d7a6700acc07~mv2.jpg/bg.jpg#originWidth=1920&originHeight=1440","匿名作者0028","user-0028","true"
"辞职信","","121","wix:image://v1/ffd433_c209ac146cc74042b34062226336977a~mv2.jpg/bg.jpg#originWidth=3000&originHeight=3000","匿名作者0168","user-0168",""
"吹灭小山河","","233","wix:image://v1/375649_cd525b681ddd47168ace1bf4ec7fbad7~mv2.png/bg.png#originWidth=2400&originHeight=2400","匿名作者0066","user-0066",""
"记忆碎片","","194","wix:image://v1/abe879_7f52b8eca874460e9c760a1f3761873f~mv2.jpg/bg.jpg#originWidth=640&originHeight=640","匿名作者0073","user-0073","true"
"我还有点小糊涂","wix:video://v1/67cf8e_85fc26f0cba044eab075edd5da2250cb/bg.mp4#posterUri=67cf8e_85fc26f0cba044eab075edd5da2250cbf001.jpg&posterWidth=480&posterHeight=360","41","wix:image://v1/67cf8e_6aecad9b537d499582e2eeda00165c97~mv2.jpg/bg.jpg#originWidth=964&originHeight=602","匿名作者0154","user-0154","true"
"碎星翱翔 (Star Impression)","wix:video://v1/52eb37_538a7a5c96ef430d93904486e9978613/bg.mp4#posterUri=52eb37_538a7a5c96ef430d93904486e9978613f001.jpg&posterWidth=480&posterHeight=480","180","wix:image://v1/52eb37_dc8af5782fa345639b39cdbf4a028d1b~mv2.png/bg.png#originWidth=300&originHeight=300","匿名作者0202","user-0202","true"
"我要的","","20","wix:image://v1/cd7cf9_ef0193ab14dd4c78a5a7b17dfc4fdb41~mv2.jpg/bg.jpg#originWidth=800&originHeight=800","匿名作者0241","user-0241","true"
"违章恋爱","wix:video://v1/749844_963d5eef95ee42f59dc4c0bb70fe5b2d/pv.mp4#posterUri=749844_963d5eef95ee42f59dc4c0bb70fe5b2df001.jpg&posterWidth=850&posterHeight=850","235","wix:image://v1/749844_ffef9b7c4efe4d61ae03487377caacba~mv2.png/bg.png#originWidth=850&originHeight=850","匿名作者0162","user-0162",""
"孤勇者","","232","wix:image://v1/b95d03_cc1c53db4b1d44fd9dbf8c92fb5ec00c~mv2.jpg/bg.jpg#originWidth=500&originHeight=500","匿名作者0170","user-0170","true"
"王妃","","225","wix:image://v1/c18ac1_1b2ea68335e24299b3e6c839cab07880~mv2.jpg/bg.jpg#originWidth=960&originHeight=960","匿名作者0242","user-0242","true"
"Oh oh oh oh......","wix:video://v1/27aad1_871c82b177fc4c68b602e40e417fd463/pv.mp4#posterUri=27aad1_871c82b177fc4c68b602e40e417fd463f001.jpg&posterWidth=1600&posterHeight=720","220","wix:image://v1/27aad1_97032a70515f445bbd67cc0f66d51771~mv2.jpg/bg.jpg#originWidth=474&originHeight=474","匿名作者0163","user-0163",""
"健将","","229","wix:image://v1/49394f_6f59d51ceec54a7f879d62fea14c4add~mv2.jpg/bg.jpg#originWidth=1080&originHeight=1080","匿名作者0048","user-0048","true"
"不止是梦","","113","wix:image://v1/405b38_f3ffff31fe3b4e23ae9c003528bbf65d~mv2.jpg/bg.jpg#originWidth=4000&originHeight=4000","匿名作者0058","user-0058","true"
"当我提起死亡","wix:video://v1/516dbb_fc2dd213edba4e24b4fc3364315217c9/pv.mp4#posterUri=516dbb_fc2dd213edba4e24b4fc3364315217c9f001.jpg&posterWidth=1528&posterHeight=1080","198","wix:image://v1/516dbb_20ee7d2fd16741cabab819ad4023ad39~mv2.jpg/bg.jpg#originWidth=1326&originHeight=1326","匿名作者0092","user-0092",""
"1234567","","57","wix:image://v1/9d9218_d1bbf4b57eb74307baa5ba1cb65ed4f3~mv2.jpg/bg.jpg#originWidth=1280&originHeight=1280","匿名作者0096","user-0096","true"
"平庸者的自白","wix:video://v1/53239c_af6b1e8dbb9d4aaf8707ffdbcbc1f141/pv.mp4#posterUri=53239c_af6b1e8dbb9d4aaf8707ffdbcbc1f141f001.jpg&posterWidth=1920&posterHeight=1080","155","wix:image://v1/53239c_4b54a05dc33644b08a6ccb74148c946b~mv2.jpg/bg.jpg#originWidth=900&originHeight=900","匿名作者0243","user-0243","true"
"小孩小孩","wix:video://v1/b5d9d9_beefa4b9cd154d60bf1788f997448ec1/bg.mp4#posterUri=b5d9d9_beefa4b9cd154d60bf1788f997448ec1f001.jpg&posterWidth=1920&posterHeight=1080","149","wix:image://v1/b5d9d9_490ffb9d45cb45d19e4bfb65260a7ea4~mv2.jpg/bg.jpg#originWidth=1146&originHeight=1146","匿名作者0124","user-0124",""
"花花宇宙","","154","wix:image://v1/6eb0c7_f17f616ed207426f8ccc1893b1a83a99~mv2.jpg/bg.jpg#originWidth=698&originHeight=698","匿名作者0105","user-0105",""
"我们","","76","wix:image://v1/5126cd_eac39c8a46434954a36c082c0a8828da~mv2.jpg/bg.jpg#originWidth=800&originHeight=800","匿名作者0112","user-0112",""
"それを世界と言うんだね (Chinese Ver.)","","50","wix:image://v1/7d4087_50ddaa791aee45ada464536d013118bb~mv2.jpg/bg.JPG#originWidth=1653&originHeight=1653","匿名作者0087","user-0087","true"
"涟漪","wix:video://v1/bb3cdb_f30919ce62494700a2898161d2617c87/pv.mp4#posterUri=bb3cdb_f30919ce62494700a2898161d2617c87f001.jpg&posterWidth=1280&posterHeight=720","240","wix:image://v1/bb3cdb_74678d4504064f029abdc2447d54dc05~mv2.png/bg.png#originWidth=600&originHeight=592","匿名作者0143","user-0143",""
"Dream goes on","","43","wix:image://v1/19839d_472658ef330d4b338f83903200d15b72~mv2.png/bg.png#originWidth=638&originHeight=641","匿名作者0131","user-0131","true"
"啤酒瓶大厦","","216","wix:image://v1/7f4d62_24addf53c1ac41d7be0aa6907a0076e7~mv2.jpg/bg.jpg#originWidth=500&originHeight=500","匿名作者0133","user-0133",""
"嘻唰唰","wix:video://v1/12abad_17c2ebdeabba4524a1e55b4427ed8861/pv.mp4#posterUri=12abad_17c2ebdeabba4524a1e55b4427ed8861f001.jpg&posterWidth=374&posterHeight=374","6","wix:image://v1/12abad_bfaaff9f5fdf4f198ba7005e8924dd81~mv2.jpg/bg.jpg#originWidth=960&originHeight=960","匿名作者0063","user-0063","true"
"一样","wix:video://v1/ac3c74_aa33459bc3b645ff809e4ed8ba131278/pv.mp4#posterUri=ac3c74_aa33459bc3b645ff809e4ed8ba131278f001.jpg&posterWidth=1280&posterHeight=720","130","wix:image://v1/ac3c74_aff7fcdba0504fefa0d6f05126412b17~mv2.jpg/bg.jpg#originWidth=500&originHeight=500","匿名作者0213","user-0213",""
"小鸟探戈","","173","wix:image://v1/9e0a5a_bba0623121a44054b11e67f843575e55~mv2.jpg/bg.jpg#originWidth=1280&originHeight=1280","匿名作者0192","user-0192",""
"所以我伸出了手","wix:video://v1/a92bd2_d1e0df6d2bb744e7801e256d95f647ef/pv.mp4#posterUri=a92bd2_d1e0df6d2bb744e7801e256d95f647eff001.jpg&posterWidth=1280&posterHeight=720","184","wix:image://v1/a92bd2_2a78084f8de74b658d46afb9a0878648~mv2.jpg/bg.jpg#originWidth=1720&originHeight=1720","匿名作者0177","user-0177",""
"下等马","","241","wix:image://v1/35ba12_fc9250190ccf4aafa7e949b848e1ad09~mv2.jpg/bg.jpg#originWidth=640&originHeight=640","匿名作者0016","user-0016",""
"不如跳舞","wix:video://v1/0c2f32_ba4086f336c6419da998734448a65e15/pv.mp4#posterUri=0c2f32_ba4086f336c6419da998734448a65e15f001.jpg&posterWidth=1080&posterHeight=1080","69","wix:image://v1/0c2f32_8420d3c408ee4084b19565adff58e3da~mv2.jpg/bg.jpg#originWidth=800&originHeight=800","匿名作者0021","user-0021",""
"X-MAN","","13","wix:image://v1/24e0ec_700642c47db44e2ca2d3a6a38f182bc1~mv2.png/bg.png#originWidth=640&originHeight=640","匿名作者0199","user-0199","true"
"逛吃逛吃","","133","wix:image://v1/c92337_e6a3fc02c89d420284879839189e24a0~mv2.jpg/bg.jpg#originWidth=1149&originHeight=1149","匿名作者0244","user-0244","true"
"天灵灵地灵灵","","110","wix:image://v1/982e51_778d8b7d0eff4a5891d421231595879a~mv2.jpg/bg.jpg#originWidth=800&originHeight=800","匿名作者0141","user-0141","true"
"千言万语","","143","wix:image://v1/48eec3_9be017874a0e4b46bca9f395e1aa4785~mv2.jpg/Image_1787958657243_200.jpg#originWidth=1280&originHeight=1280","匿名作者0125","user-0125","true"
"嘻唰唰","","52","wix:image://v1/9532ae_d0fa48305d78434ea01ca1a426ced59b~mv2.png/bg.png#originWidth=960&originHeight=960","匿名作者0017","user-0017","true"
"TIAN TIAN","","199","wix:image://v1/77367f_80eedbb20aed481a82773635e7b6dd32~mv2.jpg/bg.jpg#originWidth=1280&originHeight=1280","匿名作者0094","user-0094",""
"凌霄","wix:video://v1/4435cd_34f4c82344e4498ea9a0592a73bb15cb/pv.mp4#posterUri=4435cd_34f4c82344e4498ea9a0592a73bb15cbf001.jpg&posterWidth=1280&posterHeight=720","95","wix:image://v1/4435cd_d03ff06bdf4d42feb62a2724ab7de8f0~mv2.jpg/bg.jpg#originWidth=2500&originHeight=2500","匿名作者0114","user-0114","true"