"您的ID","isHighQuality","提交時間","ID","Created Date","Updated Date","Owner"
"用户0303","","2026-03-24T00:05:49Z","registration-0001","2026-03-24T00:05:49Z","2026-03-24T00:05:49Z","user-0303"
"用户0226","","2026-03-20T11:55:15Z","registration-0002","2026-03-20T11:55:15Z","2026-03-20T11:55:15Z","user-0226"
"用户0182","","2026-03-20T14:28:26Z","registration-0003","2026-03-20T14:28:26Z","2026-03-20T14:28:26Z","user-0182"
"用户0304","","2026-03-25T12:11:25Z","registration-0004","2026-03-25T12:11:25Z","2026-03-25T12:11:25Z","user-0304"
"用户0193","","2026-03-20T00:21:32Z","registration-0005","2026-03-20T00:21:33Z","2026-03-20T00:21:33Z","user-0193"
"用户0302","","2026-03-21T08:50:33Z","registration-0006","2026-03-21T08:50:33Z","2026-03-21T08:50:33Z","user-0302"
"用户0281","","2026-03-22T15:56:52Z","registration-0007","2026-03-22T15:56:52Z","2026-03-22T15:56:52Z","user-0281"
"用户0305","true","2026-03-20T10:28:16Z","registration-0008","2026-03-20T10:28:16Z","2026-03-20T10:28:17Z","user-0305"
"用户0138","true","2026-03-20T09:01:54Z","registration-0009","2026-03-20T09:01:54Z","2026-03-20T09:01:55Z","user-0138"
"用户0185","","2026-03-20T03:28:58Z","registration-0010","2026-03-20T03:28:58Z","2026-03-20T03:28:58Z","user-0185"
"用户0151","","2026-03-21T17:13:39Z","registration-0011","2026-03-21T17:13:39Z","2026-03-21T17:13:39Z","user-0151"
"用户0297","","2026-03-27T04:03:49Z","registration-0012","2026-03-27T04:03:49Z","2026-03-27T04:03:49Z","user-0297"
"用户0306","","2026-03-26T16:06:28Z","registration-0013","2026-03-26T16:06:28Z","2026-03-26T16:06:28Z","user-0306"
"用户0307","","2026-03-20T04:35:35Z","registration-0014","2026-03-20T04:35:35Z","2026-03-20T04:35:35Z","user-0307"
"用户0035","","2026-03-27T05:24:54Z","registration-0015","2026-03-27T05:24:54Z","2026-03-27T05:24:54Z","user-0035"
"用户0141","","2026-03-22T16:41:40Z","registration-0016","2026-03-22T16:41:40Z","2026-03-22T16:41:40Z","user-0141"
"用户0308","","2026-03-23T06:21:44Z","registration-0017","2026-03-23T06:21:44Z","2026-03-23T06:21:44Z","user-0308"
"用户0008","true","2026-03-21T13:31:51Z","registration-0018","2026-03-21T13:31:51Z","2026-03-21T13:31:52Z","user-0008"
"用户0222","true","2026-03-26T15:45:12Z","registration-0019","2026-03-26T15:45:12Z","2026-03-26T15:45:12Z","user-0222"
"用户0285","","2026-03-21T07:01:00Z","registration-0020","2026-03-21T07:01:00Z","2026-03-21T07:01:00Z","user-0285"
"用户0208","","2026-03-20T18:02:49Z","registration-0021","2026-03-20T18:02:49Z","2026-03-20T18:02:49Z","user-0208"
"用户0071","","2026-03-20T03:13:20Z","registration-0022","2026-03-20T03:13:20Z","2026-03-20T03:13:20Z","user-0071"
"用户0156","true","2026-03-20T03:28:57Z","registration-0023","2026-03-20T03:28:57Z","2026-03-20T03:28:58Z","user-0156"
"用户0024","","2026-03-20T15:14:59Z","registration-0024","2026-03-20T15:14:59Z","2026-03-20T15:14:59Z","user-0024"
"用户0055","true","2026-03-20T03:48:57Z","registration-0025","2026-03-20T03:48:57Z","2026-04-09T04:21:17Z","user-0055"
"用户0111","","2026-03-20T02:56:09Z","registration-0026","2026-03-20T02:56:09Z","2026-03-20T02:56:09Z","user-0111"
"用户0293","","2026-03-21T05:11:16Z","registration-0027","2026-03-21T05:11:16Z","2026-03-21T05:11:16Z","user-0293"
"用户0224","","2026-03-20T14:05:14Z","registration-0028","2026-03-20T14:05:14Z","2026-03-20T14:05:14Z","user-0224"
"用户0309","","2026-03-20T15:55:49Z","registration-0029","2026-03-20T15:55:49Z","2026-03-20T15:55:49Z","user-0309"
"用户0054","","2026-03-20T06:34:43Z","registration-0030","2026-03-20T06:34:43Z","2026-03-20T06:34:43Z","user-0054"
"用户0028","true","2026-03-21T01:49:50Z","registration-0031","2026-03-21T01:49:50Z","2026-03-21T01:49:52Z","user-0028"
"用户0310","","2026-03-20T00:59:50Z","registration-0032","2026-03-20T00:59:51Z","2026-03-20T00:59:51Z","user-0310"
"用户0099","","2026-03-20T07:25:37Z","registration-0033","2026-03-20T07:25:37Z","2026-03-20T07:25:37Z","user-0099"
"用户0113","true","2026-03-21T17:16:32Z","registration-0034","2026-03-21T17:16:32Z","2026-03-21T17:16:32Z","user-0113"
"用户0246","","2026-03-20T13:30:36Z","registration-0035","2026-03-20T13:30:36Z","2026-03-20T13:30:36Z","user-0246"
"用户0299","","2026-03-20T21:57:50Z","registration-0036","2026-03-20T21:57:50Z","2026-03-20T21:57:50Z","user-0299"
"用户0042","true","2026-03-20T02:16:10Z","registration-0037","2026-03-20T02:16:10Z","2026-03-20T02:16:10Z","user-0042"
"用户0107","","2026-03-27T11:47:45Z","registration-0038","2026-03-27T11:47:45Z","2026-03-27T11:47:45Z","user-0107"
"用户0081","true","2026-03-20T03:45:04Z","registration-0039","2026-03-20T03:45:04Z","2026-03-20T03:45:05Z","user-0081"
"用户0311","","2026-03-24T11:58:47Z","registration-0040","2026-03-24T11:58:47Z","2026-03-24T11:58:47Z","user-0311"
"用户0116","","2026-03-21T17:05:49Z","registration-0041","2026-03-21T17:05:49Z","2026-03-21T17:05:49Z","user-0116"
"用户0209","","2026-03-21T10:57:31Z","registration-0042","2026-03-21T10:57:31Z","2026-03-21T10:57:31Z","user-0209"
"用户0165","true","2026-03-20T12:42:09Z","registration-0043","2026-03-20T12:42:09Z","2026-04-09T04:22:35Z","user-0165"
"用户0170","true","2026-03-20T12:55:02Z","registration-0044","2026-03-20T12:55:02Z","2026-03-20T12:55:03Z","user-0170"
"用户0221","","2026-03-20T10:07:13Z","registration-0045","2026-03-20T10:07:13Z","2026-03-20T10:07:13Z","user-0221"
"用户0300","","2026-03-26T12:28:37Z","registration-0046","2026-03-26T12:28:37Z","2026-03-26T12:28:37Z","user-0300"
"用户0120","","2026-03-20T17:39:20Z","registration-0047","2026-03-20T17:39:20Z","2026-03-20T17:39:20Z","user-0120"
"用户0219","","2026-03-23T05:57:28Z","registration-0048","2026-03-23T05:57:28Z","2026-03-23T05:57:28Z","user-0219"
"用户0240","","2026-03-20T00:03:59Z","registration-0049","2026-03-20T00:03:59Z","2026-03-20T00:03:59Z","user-0240"
"用户0312","","2026-03-26T06:20:59Z","registration-0050","2026-03-26T06:20:59Z","2026-03-26T06:20:59Z","user-0312"
"用户0239","true","2026-03-20T11:15:04Z","registration-0051","2026-03-20T11:15:04Z","2026-03-20T11:15:07Z","user-0239"
"用户0060","true","2026-03-20T00:22:25Z","registration-0052","2026-03-20T00:22:25Z","2026-04-09T04:23:27Z","user-0060"
"用户0313","","2026-03-22T05:04:22Z","registration-0053","2026-03-22T05:04:22Z","2026-03-22T05:04:22Z","user-0313"
"用户0272","","2026-03-27T14:47:44Z","registration-0054","2026-03-27T14:47:44Z","2026-03-27T14:47:44Z","user-0272"
"用户0314","true","2026-03-21T16:28:30Z","registration-0055","2026-03-21T16:28:30Z","2026-03-21T16:28:31Z","user-0314"
"用户0315","","2026-03-20T03:50:54Z","registration-0056","2026-03-20T03:50:54Z","2026-03-20T03:50:54Z","user-0315"
"用户0251","","2026-03-20T13:30:35Z","registration-0057","2026-03-20T13:30:36Z","2026-03-20T13:30:36Z","user-0251"
"用户0149","","2026-03-23T17:58:35Z","registration-0058","2026-03-23T17:58:35Z","2026-03-23T17:58:35Z","user-0149"
"用户0316","","2026-03-27T04:19:10Z","registration-0059","2026-03-27T04:19:10Z","2026-03-27T04:19:10Z","user-0316"
"用户0046","","2026-03-22T04:50:21Z","registration-0060","2026-03-22T04:50:21Z","2026-03-22T04:50:21Z","user-0046"
"用户0009","","2026-03-21T12:34:23Z","registration-0061","2026-03-21T12:34:23Z","2026-03-21T12:34:23Z","user-0009"
"用户0242","","2026-03-21T03:35:50Z","registration-0062","2026-03-21T03:35:50Z","2026-03-21T03:35:50Z","user-0242"
"用户0079","","2026-03-25T15:04:51Z","registration-0063","2026-03-25T15:04:52Z","2026-03-25T15:04:52Z","user-0079"
"用户0199","","2026-03-21T17:44:09Z","registration-0064","2026-03-21T17:44:09Z","2026-03-21T17:44:09Z","user-0199"
"用户0247","true","2026-03-20T02:57:06Z","registration-0065","2026-03-20T02:57:06Z","2026-04-09T04:20:56Z","user-0247"
"用户0211","","2026-03-22T10:44:57Z","registration-0066","2026-03-22T10:44:57Z","2026-03-22T10:44:57Z","user-0211"
"用户0068","","2026-03-24T15:11:25Z","registration-0067","2026-03-24T15:11:25Z","2026-03-24T15:11:25Z","user-0068"
"用户0135","","2026-03-20T03:49:41Z","registration-0068","2026-03-20T03:49:42Z","2026-03-20T03:49:42Z","user-0135"
"用户0087","","2026-03-21T05:31:47Z","registration-0069","2026-03-21T05:31:47Z","2026-03-21T05:31:47Z","user-0087"
"用户0004","true","2026-03-20T03:10:34Z","registration-0070","2026-03-20T03:10:34Z","2026-04-09T04:23:14Z","user-0004"
"用户0287","","2026-03-20T07:30:07Z","registration-0071","2026-03-20T07:30:07Z","2026-03-20T07:30:07Z","user-0287"
"用户0061","","2026-03-26T02:59:21Z","registration-0072","2026-03-26T02:59:21Z","2026-03-26T02:59:21Z","user-0061"
"用户0268","","2026-03-20T07:14:50Z","registration-0073","2026-03-20T07:14:50Z","2026-03-20T07:14:50Z","user-0268"
"用户0317","","2026-03-20T03:54:01Z","registration-0074","2026-03-20T03:54:01Z","2026-03-20T03:54:01Z","user-0317"
"用户0147","true","2026-03-20T07:09:46Z","registration-0075","2026-03-20T07:09:46Z","2026-04-09T04:22:05Z","user-0147"
"用户0277","","2026-03-25T09:27:35Z","registration-0076","2026-03-25T09:27:35Z","2026-03-25T09:27:35Z","user-0277"
"用户0036","","2026-03-20T04:03:12Z","registration-0077","2026-03-20T04:03:12Z","2026-03-20T04:03:12Z","user-0036"
"用户0047","true","2026-03-20T10:36:49Z","registration-0078","2026-03-20T10:36:49Z","2026-03-20T10:36:51Z","user-0047"
"用户0192","","2026-03-21T06:15:30Z","registration-0079","2026-03-21T06:15:30Z","2026-03-21T06:15:30Z","user-0192"
"用户0010","true","2026-03-20T13:47:43Z","registration-0080","2026-03-20T13:47:43Z","2026-03-20T13:47:45Z","user-0010"
"用户0189","true","2026-03-22T06:10:53Z","registration-0081","2026-03-22T06:10:53Z","2026-03-22T06:10:53Z","user-0189"
"用户0318","","2026-03-22T23:17:21Z","registration-0082","2026-03-22T23:17:21Z","2026-03-22T23:17:21Z","user-0318"
"用户0023","","2026-03-20T19:57:29Z","registration-0083","2026-03-20T19:57:29Z","2026-03-20T19:57:29Z","user-0023"
"用户0097","","2026-03-20T03:57:43Z","registration-0084","2026-03-20T03:57:43Z","2026-03-20T03:57:43Z","user-0097"
"用户0082","","2026-03-20T14:00:49Z","registration-0085","2026-03-20T14:00:49Z","2026-03-20T14:00:49Z","user-0082"
"用户0019","","2026-03-20T10:49:53Z","registration-0086","2026-03-20T10:49:53Z","2026-03-20T10:49:53Z","user-0019"
"用户0319","","2026-03-27T14:25:10Z","registration-0087","2026-03-27T14:25:10Z","2026-03-27T14:25:10Z","user-0319"
"用户0286","","2026-03-25T16:52:25Z","registration-0088","2026-03-25T16:52:25Z","2026-03-25T16:52:25Z","user-0286"
"用户0175","","2026-03-20T10:40:37Z","registration-0089","2026-03-20T10:40:37Z","2026-03-20T10:40:37Z","user-0175"
"用户0031","","2026-03-21T06:30:26Z","registration-0090","2026-03-21T06:30:26Z","2026-03-21T06:30:26Z","user-0031"
"用户0288","","2026-03-21T13:57:23Z","registration-0091","2026-03-21T13:57:23Z","2026-03-21T13:57:23Z","user-0288"
"用户0263","","2026-03-20T04:05:27Z","registration-0092","2026-03-20T04:05:27Z","2026-03-20T04:05:27Z","user-0263"
"用户0161","","2026-03-24T07:42:26Z","registration-0093","2026-03-24T07:42:26Z","2026-03-24T07:42:26Z","user-0161"
"用户0320","","2026-03-26T11:25:14Z","registration-0094","2026-03-26T11:25:14Z","2026-03-26T11:25:14Z","user-0320"
"用户0220","","2026-03-24T13:01:17Z","registration-0095","2026-03-24T13:01:17Z","2026-03-24T13:01:17Z","user-0220"
"用户0223","","2026-03-20T02:51:32Z","registration-0096","2026-03-20T02:51:32Z","2026-03-20T02:51:32Z","user-0223"
"用户0045","","2026-03-20T03:53:53Z","registration-0097","2026-03-20T03:53:53Z","2026-03-20T03:53:53Z","user-0045"
"用户0321","","2026-03-20T10:52:27Z","registration-0098","2026-03-20T10:52:27Z","2026-03-20T10:52:27Z","user-0321"
"用户0155","","2026-03-20T05:12:04Z","registration-0099","2026-03-20T05:12:04Z","2026-03-20T05:12:04Z","user-0155"
"用户0033","","2026-03-22T03:47:22Z","registration-0100","2026-03-22T03:47:22Z","2026-03-22T03:47:22Z","user-0033"
"用户0001","","2026-03-20T02:15:58Z","registration-0101","2026-03-20T02:15:58Z","2026-03-20T02:15:58Z","user-0001"
"用户0322","","2026-03-21T02:56:41Z","registration-0102","2026-03-21T02:56:41Z","2026-03-21T02:56:41Z","user-0322"
"用户0178","","2026-03-26T15:54:26Z","registration-0103","2026-03-26T15:54:26Z","2026-03-26T15:54:26Z","user-0178"
"用户0069","","2026-03-21T16:39:24Z","registration-0104","2026-03-21T16:39:24Z","2026-03-21T16:39:24Z","user-0069"
"用户0233","true","2026-03-20T14:49:25Z","registration-0105","2026-03-20T14:49:25Z","2026-03-20T14:49:26Z","user-0233"
"用户0279","","2026-03-23T17:12:32Z","registration-0106","2026-03-23T17:12:32Z","2026-03-23T17:12:32Z","user-0279"
"用户0237","","2026-03-23T13:49:11Z","registration-0107","2026-03-23T13:49:11Z","2026-03-23T13:49:11Z","user-0237"
"用户0020","true","2026-03-20T11:34:09Z","registration-0108","2026-03-20T11:34:09Z","2026-04-09T04:25:09Z","user-0020"
"用户0323","","2026-03-26T13:03:47Z","registration-0109","2026-03-26T13:03:47Z","2026-03-26T13:03:47Z","user-0323"
"用户0184","","2026-03-26T15:31:51Z","registration-0110","2026-03-26T15:31:51Z","2026-03-26T15:31:51Z","user-0184"
"用户0157","","2026-03-25T14:03:19Z","registration-0111","2026-03-25T14:03:19Z","2026-03-25T14:03:19Z","user-0157"
"用户0205","","2026-03-20T14:31:51Z","registration-0112","2026-03-20T14:31:51Z","2026-03-20T14:31:51Z","user-0205"
"用户0289","","2026-03-26T05:53:09Z","registration-0113","2026-03-26T05:53:09Z","2026-03-26T05:53:09Z","user-0289"
"用户0324","","2026-03-26T14:19:22Z","registration-0114","2026-03-26T14:19:22Z","2026-03-26T14:19:22Z","user-0324"
"用户0325","","2026-03-20T15:00:49Z","registration-0115","2026-03-20T15:00:50Z","2026-03-20T15:00:50Z","user-0325"
"用户0013","","2026-03-20T08:23:48Z","registration-0116","2026-03-20T08:23:48Z","2026-03-20T08:23:48Z","user-0013"
"用户0105","","2026-03-20T04:51:56Z","registration-0117","2026-03-20T04:51:56Z","2026-03-20T04:51:56Z","user-0105"
"用户0164","","2026-03-20T01:55:03Z","registration-0118","2026-03-20T01:55:03Z","2026-03-20T01:55:03Z","user-0164"
"用户0326","","2026-03-21T07:11:15Z","registration-0119","2026-03-21T07:11:15Z","2026-03-21T07:11:15Z","user-0326"
"用户0327","","2026-03-22T06:48:45Z","registration-0120","2026-03-22T06:48:45Z","2026-03-22T06:48:45Z","user-0327"
"用户0014","","2026-03-21T05:45:05Z","registration-0121","2026-03-21T05:45:05Z","2026-03-21T05:45:05Z","user-0014"
"用户0084","","2026-03-20T10:57:32Z","registration-0122","2026-03-20T10:57:32Z","2026-03-20T10:57:32Z","user-0084"
"用户0328","true","2026-03-23T08:57:16Z","registration-0123","2026-03-23T08:57:16Z","2026-04-09T04:25:31Z","user-0328"
"用户0282","","2026-03-22T16:29:13Z","registration-0124","2026-03-22T16:29:13Z","2026-03-22T16:29:13Z","user-0282"
"用户0048","","2026-03-20T19:06:10Z","registration-0125","2026-03-20T19:06:10Z","2026-03-20T19:06:10Z","user-0048"
"用户0183","","2026-03-27T04:17:47Z","registration-0126","2026-03-27T04:17:47Z","2026-03-27T04:17:47Z","user-0183"
"用户0298","","2026-03-22T07:26:16Z","registration-0127","2026-03-22T07:26:16Z","2026-03-22T07:26:16Z","user-0298"
"用户0329","","2026-03-21T13:58:57Z","registration-0128","2026-03-21T13:58:57Z","2026-03-21T13:58:57Z","user-0329"
"用户0254","","2026-03-24T15:02:05Z","registration-0129","2026-03-24T15:02:05Z","2026-03-24T15:02:05Z","user-0254"
"用户0330","","2026-03-21T17:33:43Z","registration-0130","2026-03-21T17:33:43Z","2026-03-21T17:33:43Z","user-0330"
"用户0229","","2026-03-24T05:15:28Z","registration-0131","2026-03-24T05:15:28Z","2026-03-24T05:15:28Z","user-0229"
"用户0198","true","2026-03-20T12:22:05Z","registration-0132","2026-03-20T12:22:05Z","2026-04-09T04:22:28Z","user-0198"
"用户0148","","2026-04-21T04:54:50Z","registration-0133","2026-04-21T04:54:51Z","2026-04-21T04:54:51Z","user-0148"
"用户0052","","2026-03-22T01:48:54Z","registration-0134","2026-03-22T01:48:54Z","2026-03-22T01:48:54Z","user-0052"
"用户0215","","2026-03-20T05:41:47Z","registration-0135","2026-03-20T05:41:47Z","2026-03-20T05:41:47Z","user-0215"
"用户0331","","2026-03-27T02:19:20Z","registration-0136","2026-03-27T02:19:20Z","2026-03-27T02:19:20Z","user-0331"
"用户0021","","2026-03-24T13:45:10Z","registration-0137","2026-03-24T13:45:10Z","2026-03-24T13:45:10Z","user-0021"
"用户0049","","2026-03-20T00:43:26Z","registration-0138","2026-03-20T00:43:26Z","2026-03-20T00:43:26Z","user-0049"
"用户0065","","2026-03-20T11:46:15Z","registration-0139","2026-03-20T11:46:15Z","2026-03-20T11:46:15Z","user-0065"
"用户0160","true","2026-03-21T08:35:34Z","registration-0140","2026-03-21T08:35:34Z","2026-03-21T08:35:36Z","user-0160"
"用户0259","","2026-03-20T05:12:02Z","registration-0141","2026-03-20T05:12:02Z","2026-03-20T05:12:02Z","user-0259"
"用户0146","","2026-03-20T11:54:41Z","registration-0142","2026-03-20T11:54:41Z","2026-03-20T11:54:41Z","user-0146"
"用户0038","true","2026-03-20T05:05:19Z","registration-0143","2026-03-20T05:05:19Z","2026-04-09T04:21:29Z","user-0038"
"用户0007","","2026-03-20T15:15:31Z","registration-0144","2026-03-20T15:15:31Z","2026-03-20T15:15:31Z","user-0007"
"用户0171","","2026-03-21T06:19:19Z","registration-0145","2026-03-21T06:19:19Z","2026-03-21T06:19:19Z","user-0171"
"用户0332","","2026-03-26T09:58:46Z","registration-0146","2026-03-26T09:58:46Z","2026-03-26T09:58:46Z","user-0332"
"用户0333","","2026-03-24T05:03:27Z","registration-0147","2026-03-24T05:03:27Z","2026-03-24T05:03:27Z","user-0333"
"用户0137","","2026-03-20T08:01:44Z","registration-0148","2026-03-20T08:01:44Z","2026-03-20T08:01:44Z","user-0137"
"用户0114","","2026-03-20T04:07:49Z","registration-0149","2026-03-20T04:07:50Z","2026-03-20T04:07:50Z","user-0114"
"用户0334","","2026-03-21T15:25:45Z","registration-0150","2026-03-21T15:25:45Z","2026-03-21T15:25:45Z","user-0334"
"用户0295","","2026-03-27T05:22:26Z","registration-0151","2026-03-27T05:22:26Z","2026-03-27T05:22:26Z","user-0295"
"用户0177","","2026-03-20T04:37:16Z","registration-0152","2026-03-20T04:37:16Z","2026-03-20T04:37:16Z","user-0177"
"用户0230","","2026-03-27T11:19:42Z","registration-0153","2026-03-27T11:19:42Z","2026-03-27T11:19:42Z","user-0230"
"用户0018","","2026-03-20T09:15:21Z","registration-0154","2026-03-20T09:15:21Z","2026-03-20T09:15:21Z","user-0018"
"用户0181","","2026-03-27T15:08:57Z","registration-0155","2026-03-27T15:08:57Z","2026-03-27T15:08:57Z","user-0181"
"用户0037","","2026-03-20T05:27:44Z","registration-0156","2026-03-20T05:27:44Z","2026-03-20T05:27:44Z","user-0037"
"用户0166","","2026-03-20T03:16:07Z","registration-0157","2026-03-20T03:16:07Z","2026-03-20T03:16:07Z","user-0166"
"用户0217","","2026-03-20T04:49:24Z","registration-0158","2026-03-20T04:49:24Z","2026-03-20T04:49:24Z","user-0217"
"用户0027","","2026-03-26T07:16:31Z","registration-0159","2026-03-26T07:16:31Z","2026-03-26T07:16:31Z","user-0027"
"用户0016","","2026-03-27T10:19:17Z","registration-0160","2026-03-27T10:19:17Z","2026-03-27T10:19:17Z","user-0016"
"用户0098","","2026-03-21T05:33:21Z","registration-0161","2026-03-21T05:33:21Z","2026-03-21T05:33:21Z","user-0098"
"用户0072","true","2026-03-22T01:58:08Z","registration-0162","2026-03-22T01:58:08Z","2026-03-22T01:58:10Z","user-0072"
"用户0335","","2026-03-27T15:35:38Z","registration-0163","2026-03-27T15:35:38Z","2026-03-27T15:35:38Z","user-0335"
"用户0145","","2026-03-21T16:25:30Z","registration-0164","2026-03-21T16:25:30Z","2026-03-21T16:25:30Z","user-0145"
"用户0218","","2026-03-25T16:06:52Z","registration-0165","2026-03-25T16:06:52Z","2026-03-25T16:06:52Z","user-0218"
"用户0017","true","2026-03-20T16:04:39Z","registration-0166","2026-03-20T16:04:39Z","2026-03-20T16:04:39Z","user-0017"
"用户0244","","2026-03-21T16:10:11Z","registration-0167","2026-03-21T16:10:11Z","2026-03-21T16:10:11Z","user-0244"
"用户0115","","2026-03-19T17:33:40Z","registration-0168","2026-03-19T17:33:40Z","2026-03-19T17:33:40Z","user-0115"
"用户0278","","2026-03-20T04:35:46Z","registration-0169","2026-03-20T04:35:46Z","2026-03-20T04:35:46Z","user-0278"
"用户0163","","2026-03-26T12:42:46Z","registration-0170","2026-03-26T12:42:46Z","2026-03-26T12:42:46Z","user-0163"
"用户0187","","2026-03-19T19:48:05Z","registration-0171","2026-03-19T19:48:05Z","2026-03-19T19:48:05Z","user-0187"
"用户0121","","2026-03-22T06:53:47Z","registration-0172","2026-03-22T06:53:47Z","2026-03-22T06:53:47Z","user-0121"
"用户0134","","2026-03-20T02:39:22Z","registration-0173","2026-03-20T02:39:23Z","2026-03-20T02:39:23Z","user-0134"
"用户0336","","2026-03-25T07:42:00Z","registration-0174","2026-03-25T07:42:00Z","2026-03-25T07:42:00Z","user-0336"
"用户0190","","2026-03-24T06:09:12Z","registration-0175","2026-03-24T06:09:12Z","2026-03-24T06:09:12Z","user-0190"
"用户0258","","2026-03-21T05:40:28Z","registration-0176","2026-03-21T05:40:28Z","2026-03-21T05:40:28Z","user-0258"
"用户0257","","2026-03-25T05:32:30Z","registration-0177","2026-03-25T05:32:31Z","2026-03-25T05:32:31Z","user-0257"
"用户0150","","2026-03-24T04:29:48Z","registration-0178","2026-03-24T04:29:48Z","2026-03-24T04:29:48Z","user-0150"
"用户0197","","2026-03-20T14:46:55Z","registration-0179","2026-03-20T14:46:55Z","2026-03-20T14:46:55Z","user-0197"
"用户0125","","2026-03-20T18:50:43Z","registration-0180","2026-03-20T18:50:43Z","2026-03-20T18:50:43Z","user-0125"
"用户0094","","2026-03-20T08:56:32Z","registration-0181","2026-03-20T08:56:32Z","2026-03-20T08:56:32Z","user-0094"
"用户0086","","2026-03-20T14:09:58Z","registration-0182","2026-03-20T14:09:58Z","2026-03-20T14:09:58Z","user-0086"
"用户0337","","2026-03-25T03:10:38Z","registration-0183","2026-03-25T03:10:38Z","2026-03-25T03:10:38Z","user-0337"
"用户0076","true","2026-03-23T11:40:42Z","registration-0184","2026-03-23T11:40:42Z","2026-04-09T04:25:36Z","user-0076"
"用户0133","","2026-03-21T05:34:30Z","registration-0185","2026-03-21T05:34:30Z","2026-03-21T05:34:30Z","user-0133"
"用户0074","","2026-03-21T02:40:02Z","registration-0186","2026-03-21T02:40:02Z","2026-03-21T02:40:02Z","user-0074"
"用户0271","","2026-03-20T08:20:46Z","registration-0187","2026-03-20T08:20:46Z","2026-03-20T08:20:46Z","user-0271"
"用户0011","","2026-03-26T13:16:00Z","registration-0188","2026-03-26T13:16:00Z","2026-03-26T13:16:00Z","user-0011"
"用户0096","","2026-03-20T02:51:41Z","registration-0189","2026-03-20T02:51:41Z","2026-03-20T02:51:41Z","user-0096"
"用户0089","","2026-03-19T23:52:42Z","registration-0190","2026-03-19T23:52:42Z","2026-03-19T23:52:42Z","user-0089"
"用户0062","","2026-03-21T09:52:08Z","registration-0191","2026-03-21T09:52:08Z","2026-03-21T09:52:08Z","user-0062"
"用户0234","","2026-03-21T06:29:01Z","registration-0192","2026-03-21T06:29:01Z","2026-03-21T06:29:01Z","user-0234"
"用户0053","","2026-03-21T12:34:32Z","registration-0193","2026-03-21T12:34:32Z","2026-03-21T12:34:32Z","user-0053"
"用户0216","","2026-03-25T19:56:45Z","registration-0194","2026-03-25T19:56:45Z","2026-03-25T19:56:45Z","user-0216"
"用户0025","","2026-03-20T04:33:40Z","registration-0195","2026-03-20T04:33:40Z","2026-03-20T04:33:40Z","user-0025"
"用户0194","true","2026-03-20T02:24:05Z","registration-0196","2026-03-20T02:24:05Z","2026-04-09T04:23:21Z","user-0194"
"用户0168","","2026-03-26T10:31:51Z","registration-0197","2026-03-26T10:31:51Z","2026-03-26T10:31:51Z","user-0168"
"用户0214","true","2026-03-20T04:52:43Z","registration-0198","2026-03-20T04:52:43Z","2026-03-20T04:52:43Z","user-0214"
"用户0284","","2026-03-21T14:10:40Z","registration-0199","2026-03-21T14:10:40Z","2026-03-21T14:10:40Z","user-0284"
"用户0212","","2026-03-21T06:17:02Z","registration-0200","2026-03-21T06:17:02Z","2026-03-21T06:17:02Z","user-0212"
"用户0338","","2026-03-25T04:02:01Z","registration-0201","2026-03-25T04:02:01Z","2026-03-25T04:02:01Z","user-0338"
"用户0228","true","2026-04-09T07:29:24Z","registration-0202","2026-04-09T07:29:24Z","2026-04-09T07:30:23Z","user-0228"
"用户0339","","2026-03-24T14:25:59Z","registration-0203","2026-03-24T14:25:59Z","2026-03-24T14:25:59Z","user-0339"
"用户0296","","2026-03-24T15:57:21Z","registration-0204","2026-03-24T15:57:21Z","2026-03-24T15:57:21Z","user-0296"
"用户0118","","2026-03-25T03:40:33Z","registration-0205","2026-03-25T03:40:33Z","2026-03-25T03:40:33Z","user-0118"
"用户0126","","2026-03-20T09:13:30Z","registration-0206","2026-03-20T09:13:30Z","2026-03-20T09:13:30Z","user-0126"
"用户0129","true","2026-03-20T07:57:37Z","registration-0207","2026-03-20T07:57:37Z","2026-04-09T04:22:10Z","user-0129"
"用户0043","true","2026-03-26T14:27:18Z","registration-0208","2026-03-26T14:27:18Z","2026-03-26T14:27:19Z","user-0043"
"用户0091","","2026-03-20T15:59:25Z","registration-0209","2026-03-20T15:59:25Z","2026-03-20T15:59:25Z","user-0091"
"用户0340","","2026-03-21T10:54:02Z","registration-0210","2026-03-21T10:54:02Z","2026-03-21T10:54:02Z","user-0340"
"用户0102","","2026-03-25T05:33:25Z","registration-0211","2026-03-25T05:33:25Z","2026-03-25T05:33:25Z","user-0102"
"用户0210","","2026-03-20T04:53:56Z","registration-0212","2026-03-20T04:53:56Z","2026-03-20T04:53:56Z","user-0210"
"用户0231","true","2026-03-22T17:35:13Z","registration-0213","2026-03-22T17:35:13Z","2026-03-22T17:35:15Z","user-0231"
"用户0341","","2026-03-20T03:10:37Z","registration-0214","2026-03-20T03:10:37Z","2026-03-20T03:10:37Z","user-0341"
"用户0095","","2026-03-20T04:45:33Z","registration-0215","2026-03-20T04:45:33Z","2026-03-20T04:45:33Z","user-0095"
"用户0142","","2026-03-27T14:13:16Z","registration-0216","2026-03-27T14:13:16Z","2026-03-27T14:13:16Z","user-0142"
"用户0255","","2026-03-21T04:14:38Z","registration-0217","2026-03-21T04:14:38Z","2026-03-21T04:14:38Z","user-0255"
"用户0015","","2026-03-20T07:24:32Z","registration-0218","2026-03-20T07:24:32Z","2026-03-20T07:24:32Z","user-0015"
"用户0070","","2026-03-20T14:10:53Z","registration-0219","2026-03-20T14:10:53Z","2026-03-20T14:10:53Z","user-0070"
"用户0026","true","2026-03-23T07:10:00Z","registration-0220","2026-03-23T07:10:00Z","2026-04-09T04:25:25Z","user-0026"
"用户0106","","2026-03-22T10:02:12Z","registration-0221","2026-03-22T10:02:12Z","2026-03-22T10:02:12Z","user-0106"
"用户0203","","2026-03-22T15:27:20Z","registration-0222","2026-03-22T15:27:20Z","2026-03-22T15:27:20Z","user-0203"
"用户0002","","2026-03-20T02:49:02Z","registration-0223","2026-03-20T02:49:02Z","2026-03-20T02:49:02Z","user-0002"
"用户0342","","2026-03-22T10:43:58Z","registration-0224","2026-03-22T10:43:58Z","2026-03-22T10:43:58Z","user-0342"
"用户0196","true","2026-03-19T17:33:17Z","registration-0225","2026-03-19T17:33:17Z","2026-03-19T17:33:17Z","user-0196"
"用户0085","","2026-03-20T04:18:34Z","registration-0226","2026-03-20T04:18:34Z","2026-03-20T04:18:34Z","user-0085"
"用户0270","","2026-03-25T03:20:39Z","registration-0227","2026-03-25T03:20:39Z","2026-03-25T03:20:39Z","user-0270"
"用户0006","","2026-03-23T10:51:26Z","registration-0228","2026-03-23T10:51:26Z","2026-03-23T10:51:26Z","user-0006"
"用户0343","","2026-03-21T02:06:23Z","registration-0229","2026-03-21T02:06:23Z","2026-03-21T02:06:23Z","user-0343"
"用户0117","","2026-03-27T15:36:25Z","registration-0230","2026-03-27T15:36:25Z","2026-03-27T15:36:25Z","user-0117"
"用户0344","","2026-03-24T15:09:41Z","registration-0231","2026-03-24T15:09:41Z","2026-03-24T15:09:41Z","user-0344"
"用户0345","","2026-03-21T12:39:41Z","registration-0232","2026-03-21T12:39:41Z","2026-03-21T12:39:41Z","user-0345"
"用户0159","","2026-03-26T15:08:20Z","registration-0233","2026-03-26T15:08:20Z","2026-03-26T15:08:20Z","user-0159"
"用户0136","","2026-03-20T04:24:42Z","registration-0234","2026-03-20T04:24:42Z","2026-03-20T04:24:42Z","user-0136"
"用户0346","","2026-03-20T13:48:33Z","registration-0235","2026-03-20T13:48:33Z","2026-03-20T13:48:33Z","user-0346"
"用户0266","","2026-03-21T16:04:03Z","registration-0236","2026-03-21T16:04:03Z","2026-03-21T16:04:03Z","user-0266"
"用户0088","","2026-03-27T12:25:00Z","registration-0237","2026-03-27T12:25:00Z","2026-03-27T12:25:00Z","user-0088"
"用户0347","","2026-03-27T03:53:13Z","registration-0238","2026-03-27T03:53:13Z","2026-03-27T03:53:13Z","user-0347"
"用户0235","","2026-03-20T16:21:58Z","registration-0239","2026-03-20T16:21:58Z","2026-03-20T16:21:58Z","user-0235"
"用户0100","","2026-03-20T12:09:02Z","registration-0240","2026-03-20T12:09:02Z","2026-03-20T12:09:02Z","user-0100"
"用户0262","true","2026-03-21T03:46:00Z","registration-0241","2026-03-21T03:46:00Z","2026-03-21T03:46:02Z","user-0262"
"用户0123","","2026-03-20T05:58:32Z","registration-0242","2026-03-20T05:58:32Z","2026-03-20T05:58:32Z","user-0123"
"用户0267","","2026-03-23T13:56:49Z","registration-0243","2026-03-23T13:56:49Z","2026-03-23T13:56:49Z","user-0267"
"用户0348","","2026-03-26T05:21:47Z","registration-0244","2026-03-26T05:21:47Z","2026-03-26T05:21:47Z","user-0348"
"用户0250","","2026-03-20T02:51:47Z","registration-0245","2026-03-20T02:51:47Z","2026-03-20T02:51:47Z","user-0250"
"用户0128","","2026-03-21T04:46:05Z","registration-0246","2026-03-21T04:46:05Z","2026-03-21T04:46:05Z","user-0128"
"用户0186","","2026-03-27T04:10:01Z","registration-0247","2026-03-27T04:10:01Z","2026-03-27T04:10:01Z","user-0186"
"用户0349","","2026-03-20T02:32:55Z","registration-0248","2026-03-20T02:32:55Z","2026-03-20T02:32:55Z","user-0349"
"用户0253","","2026-03-20T10:06:23Z","registration-0249","2026-03-20T10:06:23Z","2026-03-20T10:06:23Z","user-0253"
"用户0109","","2026-03-20T05:28:40Z","registration-0250","2026-03-20T05:28:40Z","2026-03-20T05:28:40Z","user-0109"
"用户0292","","2026-03-26T13:27:56Z","registration-0251","2026-03-26T13:27:56Z","2026-03-26T13:27:56Z","user-0292"
"用户0350","","2026-03-26T17:39:27Z","registration-0252","2026-03-26T17:39:27Z","2026-03-26T17:39:27Z","user-0350"
"用户0264","true","2026-03-20T11:24:42Z","registration-0253","2026-03-20T11:24:42Z","2026-04-09T04:22:20Z","user-0264"
"用户0291","","2026-03-20T02:44:43Z","registration-0254","2026-03-20T02:44:43Z","2026-03-20T02:44:43Z","user-0291"
"用户0132","","2026-03-20T13:14:05Z","registration-0255","2026-03-20T13:14:05Z","2026-03-20T13:14:05Z","user-0132"
"用户0143","","2026-03-23T07:19:06Z","registration-0256","2026-03-23T07:19:06Z","2026-03-23T07:19:06Z","user-0143"
"用户0351","","2026-03-25T04:30:55Z","registration-0257","2026-03-25T04:30:56Z","2026-03-25T04:30:56Z","user-0351"
"用户0352","true","2026-03-20T02:47:26Z","registration-0258","2026-03-20T02:47:26Z","2026-03-20T02:47:26Z","user-0352"
"用户0140","","2026-03-20T02:52:23Z","registration-0259","2026-03-20T02:52:23Z","2026-03-20T02:52:23Z","user-0140"
"用户0261","","2026-03-20T03:36:13Z","registration-0260","2026-03-20T03:36:13Z","2026-03-20T03:36:13Z","user-0261"
"用户0269","","2026-03-20T10:22:22Z","registration-0261","2026-03-20T10:22:22Z","2026-03-20T10:22:22Z","user-0269"
"用户0353","","2026-03-26T15:01:57Z","registration-0262","2026-03-26T15:01:57Z","2026-03-26T15:01:57Z","user-0353"
"用户0029","","2026-03-21T07:34:02Z","registration-0263","2026-03-21T07:34:02Z","2026-03-21T07:34:02Z","user-0029"
"用户0292","","2026-03-26T13:27:57Z","registration-0264","2026-03-26T13:27:57Z","2026-03-26T13:27:57Z","user-0292"
"用户0280","","2026-03-24T06:19:05Z","registration-0265","2026-03-24T06:19:05Z","2026-03-24T06:19:05Z","user-0280"
"用户0188","","2026-03-21T11:57:37Z","registration-0266","2026-03-21T11:57:37Z","2026-03-21T11:57:37Z","user-0188"
"用户0248","","2026-03-20T12:14:50Z","registration-0267","2026-03-20T12:14:50Z","2026-03-20T12:14:50Z","user-0248"
"用户0050","true","2026-03-20T05:28:15Z","registration-0268","2026-03-20T05:28:15Z","2026-03-20T05:28:15Z","user-0050"
"用户0354","","2026-03-22T16:37:58Z","registration-0269","2026-03-22T16:37:58Z","2026-03-22T16:37:58Z","user-0354"
"用户0355","","2026-03-26T15:52:12Z","registration-0270","2026-03-26T15:52:12Z","2026-03-26T15:52:12Z","user-0355"
"用户0104","","2026-03-20T10:52:46Z","registration-0271","2026-03-20T10:52:46Z","2026-03-20T10:52:46Z","user-0104"
"用户0041","","2026-03-20T09:07:54Z","registration-0272","2026-03-20T09:07:54Z","2026-03-20T09:07:54Z","user-0041"
"用户0122","","2026-03-19T17:35:54Z","registration-0273","2026-03-19T17:35:54Z","2026-03-19T17:35:54Z","user-0122"
"用户0356","","2026-03-20T04:41:29Z","registration-0274","2026-03-20T04:41:29Z","2026-03-20T04:41:29Z","user-0356"
"用户0206","","2026-03-20T03:23:36Z","registration-0275","2026-03-20T03:23:36Z","2026-03-20T03:23:36Z","user-0206"
"用户0357","","2026-03-20T18:47:09Z","registration-0276","2026-03-20T18:47:09Z","2026-03-20T18:47:09Z","user-0357"
"用户0358","","2026-03-27T04:06:19Z","registration-0277","2026-03-27T04:06:19Z","2026-03-27T04:06:19Z","user-0358"
"用户0112","","2026-03-22T16:13:23Z","registration-0278","2026-03-22T16:13:23Z","2026-03-22T16:13:23Z","user-0112"
"用户0005","","2026-03-20T09:47:34Z","registration-0279","2026-03-20T09:47:34Z","2026-03-20T09:47:34Z","user-0005"
"用户0092","","2026-03-21T13:49:19Z","registration-0280","2026-03-21T13:49:19Z","2026-03-21T13:49:19Z","user-0092"
"用户0359","","2026-03-20T06:44:03Z","registration-0281","2026-03-20T06:44:03Z","2026-03-20T06:44:03Z","user-0359"
"用户0130","","2026-03-20T12:45:30Z","registration-0282","2026-03-20T12:45:30Z","2026-03-20T12:45:30Z","user-0130"
"用户0167","true","2026-03-19T17:37:32Z","registration-0283","2026-03-19T17:37:32Z","2026-03-19T17:37:33Z","user-0167"
"用户0083","","2026-03-25T13:54:02Z","registration-0284","2026-03-25T13:54:02Z","2026-03-25T13:54:02Z","user-0083"
"用户0103","","2026-03-20T05:39:51Z","registration-0285","2026-03-20T05:39:51Z","2026-03-20T05:39:51Z","user-0103"
"用户0090","","2026-03-20T04:19:23Z","registration-0286","2026-03-20T04:19:23Z","2026-03-20T04:19:23Z","user-0090"
"用户0022","","2026-03-27T04:36:26Z","registration-0287","2026-03-27T04:36:26Z","2026-03-27T04:36:26Z","user-0022"
"用户0360","true","2026-03-22T13:03:16Z","registration-0288","2026-03-22T13:03:16Z","2026-03-22T13:03:17Z","user-0360"
"用户0361","","2026-03-22T12:33:15Z","registration-0289","2026-03-22T12:33:15Z","2026-03-22T12:33:15Z","user-0361"
"用户0238","","2026-03-23T12:08:23Z","registration-0290","2026-03-23T12:08:23Z","2026-03-23T12:08:23Z","user-0238"
"用户0362","","2026-03-22T17:16:49Z","registration-0291","2026-03-22T17:16:49Z","2026-03-22T17:16:49Z","user-0362"
"用户0032","","2026-04-19T06:51:22Z","registration-0292","2026-04-19T06:51:22Z","2026-04-19T06:51:22Z","user-0032"
"用户0139","","2026-03-23T07:45:18Z","registration-0293","2026-03-23T07:45:18Z","2026-03-23T07:45:18Z","user-0139"
"用户0260","","2026-03-20T02:15:18Z","registration-0294","2026-03-20T02:15:18Z","2026-03-20T02:15:18Z","user-0260"
"用户0290","true","2026-03-26T05:44:18Z","registration-0295","2026-03-26T05:44:18Z","2026-04-09T04:25:42Z","user-0290"
"用户0207","true","2026-03-25T09:38:30Z","registration-0296","2026-03-25T09:38:30Z","2026-03-25T09:38:30Z","user-0207"
"用户0162","","2026-03-20T02:42:23Z","registration-0297","2026-03-20T02:42:23Z","2026-03-20T02:42:23Z","user-0162"
"用户0245","true","2026-03-20T06:51:34Z","registration-0298","2026-03-20T06:51:34Z","2026-04-09T04:21:41Z","user-0245"
"用户0067","true","2026-03-20T05:25:44Z","registration-0299","2026-03-20T05:25:44Z","2026-04-09T04:23:37Z","user-0067"
"用户0174","","2026-03-21T08:17:15Z","registration-0300","2026-03-21T08:17:15Z","2026-03-21T08:17:15Z","user-0174"
"用户0158","","2026-03-23T06:42:18Z","registration-0301","2026-03-23T06:42:18Z","2026-03-23T06:42:18Z","user-0158"
"用户0034","","2026-03-21T09:50:12Z","registration-0302","2026-03-21T09:50:12Z","2026-03-21T09:50:12Z","user-0034"
"用户0077","","2026-03-21T14:02:38Z","registration-0303","2026-03-21T14:02:38Z","2026-03-21T14:02:38Z","user-0077"
"用户0063","","2026-03-20T06:05:50Z","registration-0304","2026-03-20T06:05:50Z","2026-03-20T06:05:50Z","user-0063"
"用户0058","true","2026-03-20T11:28:44Z","registration-0305","2026-03-20T11:28:44Z","2026-03-20T11:28:45Z","user-0058"
"用户0249","","2026-03-20T19:03:05Z","registration-0306","2026-03-20T19:03:05Z","2026-03-20T19:03:05Z","user-0249"
"用户0124","","2026-03-21T15:51:28Z","registration-0307","2026-03-21T15:51:28Z","2026-03-21T15:51:28Z","user-0124"
"用户0363","","2026-03-25T03:02:20Z","registration-0308","2026-03-25T03:02:20Z","2026-03-25T03:02:20Z","user-0363"
"用户0200","","2026-03-20T03:58:57Z","registration-0309","2026-03-20T03:58:57Z","2026-03-20T03:58:57Z","user-0200"
"用户0201","","2026-03-25T07:47:28Z","registration-0310","2026-03-25T07:47:28Z","2026-03-25T07:47:28Z","user-0201"
"用户0364","","2026-03-20T04:27:54Z","registration-0311","2026-03-20T04:27:54Z","2026-03-20T04:27:54Z","user-0364"
"用户0064","","2026-03-26T13:37:01Z","registration-0312","2026-03-26T13:37:01Z","2026-03-26T13:37:01Z","user-0064"
"用户0119","","2026-03-21T06:04:42Z","registration-0313","2026-03-21T06:04:42Z","2026-03-21T06:04:42Z","user-0119"
"用户0256","","2026-03-20T02:45:09Z","registration-0314","2026-03-20T02:45:09Z","2026-03-20T02:45:09Z","user-0256"
"用户0273","","2026-03-27T03:18:31Z","registration-0315","2026-03-27T03:18:31Z","2026-03-27T03:18:31Z","user-0273"
"用户0030","","2026-03-20T02:00:35Z","registration-0316","2026-03-20T02:00:35Z","2026-03-20T02:00:35Z","user-0030"
"用户0012","true","2026-03-20T02:25:29Z","registration-0317","2026-03-20T02:25:29Z","2026-03-20T02:25:29Z","user-0012"
"用户0365","","2026-03-26T10:36:50Z","registration-0318","2026-03-26T10:36:50Z","2026-03-26T10:36:50Z","user-0365"
"用户0202","","2026-03-21T11:47:16Z","registration-0319","2026-03-21T11:47:16Z","2026-03-21T11:47:16Z","user-0202"
"用户0075","","2026-03-25T03:17:24Z","registration-0320","2026-03-25T03:17:24Z","2026-03-25T03:17:24Z","user-0075"
"用户0366","","2026-03-21T13:56:06Z","registration-0321","2026-03-21T13:56:06Z","2026-03-21T13:56:06Z","user-0366"
"用户0169","","2026-03-20T10:44:01Z","registration-0322","2026-03-20T10:44:01Z","2026-03-20T10:44:01Z","user-0169"
"用户0127","true","2026-03-20T03:39:57Z","registration-0323","2026-03-20T03:39:57Z","2026-03-20T03:39:57Z","user-0127"
"用户0153","","2026-03-21T06:48:46Z","registration-0324","2026-03-21T06:48:46Z","2026-03-21T06:48:46Z","user-0153"
"用户0367","","2026-03-20T03:01:42Z","registration-0325","2026-03-20T03:01:42Z","2026-03-20T03:01:42Z","user-0367"
"用户0152","","2026-03-24T02:04:00Z","registration-0326","2026-03-24T02:04:00Z","2026-03-24T02:04:00Z","user-0152"
"用户0040","","2026-03-20T05:41:53Z","registration-0327","2026-03-20T05:41:53Z","2026-03-20T05:41:53Z","user-0040"
"用户0227","","2026-03-21T16:21:05Z","registration-0328","2026-03-21T16:21:05Z","2026-03-21T16:21:05Z","user-0227"
"用户0283","","2026-03-20T05:36:03Z","registration-0329","2026-03-20T05:36:03Z","2026-03-20T05:36:03Z","user-0283"
"用户0180","","2026-03-20T02:30:47Z","registration-0330","2026-03-20T02:30:47Z","2026-03-20T02:30:47Z","user-0180"
"用户0080","","2026-03-19T17:43:24Z","registration-0331","2026-03-19T17:43:24Z","2026-03-19T17:43:24Z","user-0080"
"用户0368","","2026-03-25T17:28:15Z","registration-0332","2026-03-25T17:28:15Z","2026-03-25T17:28:15Z","user-0368"
"用户0369","","2026-03-22T16:45:12Z","registration-0333","2026-03-22T16:45:12Z","2026-03-22T16:45:12Z","user-0369"
"用户0232","true","2026-03-20T08:19:22Z","registration-0334","2026-03-20T08:19:22Z","2026-03-20T08:19:24Z","user-0232"
"用户0370","","2026-03-25T05:56:33Z","registration-0335","2026-03-25T05:56:33Z","2026-03-25T05:56:33Z","user-0370"
"用户0093","","2026-03-20T04:14:43Z","registration-0336","2026-03-20T04:14:43Z","2026-03-20T04:14:43Z","user-0093"
"用户0371","","2026-03-22T15:18:01Z","registration-0337","2026-03-22T15:18:01Z","2026-03-22T15:18:01Z","user-0371"
"用户0372","","2026-03-20T10:59:42Z","registration-0338","2026-03-20T10:59:42Z","2026-03-20T10:59:42Z","user-0372"
"用户0373","","2026-03-22T12:50:22Z","registration-0339","2026-03-22T12:50:22Z","2026-03-22T12:50:22Z","user-0373"
"用户0252","","2026-03-21T06:27:15Z","registration-0340","2026-03-21T06:27:15Z","2026-03-21T06:27:15Z","user-0252"
"用户0374","","2026-03-20T06:49:15Z","registration-0341","2026-03-20T06:49:15Z","2026-03-20T06:49:15Z","user-0374"
"用户0057","","2026-03-23T01:57:39Z","registration-0342","2026-03-23T01:57:39Z","2026-03-23T01:57:39Z","user-0057"
"用户0073","","2026-03-23T07:42:12Z","registration-0343","2026-03-23T07:42:12Z","2026-03-23T07:42:12Z","user-0073"
"用户0213","","2026-03-24T05:19:08Z","registration-0344","2026-03-24T05:19:08Z","2026-03-24T05:19:08Z","user-0213"
"用户0375","","2026-03-21T17:28:31Z","registration-0345","2026-03-21T17:28:31Z","2026-03-21T17:28:31Z","user-0375"
"用户0039","true","2026-03-20T01:05:49Z","registration-0346","2026-03-20T01:05:49Z","2026-03-20T01:05:51Z","user-0039"
"用户0241","","2026-03-20T17:24:22Z","registration-0347","2026-03-20T17:24:22Z","2026-03-20T17:24:22Z","user-0241"
"用户0101","","2026-03-20T02:19:34Z","registration-0348","2026-03-20T02:19:34Z","2026-03-20T02:19:34Z","user-0101"
"用户0376","","2026-03-20T06:01:56Z","registration-0349","2026-03-20T06:01:56Z","2026-03-20T06:01:56Z","user-0376"
"用户0225","","2026-03-25T06:10:45Z","registration-0350","2026-03-25T06:10:45Z","2026-03-25T06:10:45Z","user-0225"
"用户0265","true","2026-03-25T03:00:44Z","registration-0351","2026-03-25T03:00:44Z","2026-03-25T03:00:45Z","user-0265"
"用户0003","true","2026-03-20T12:31:13Z","registration-0352","2026-03-20T12:31:13Z","2026-03-20T12:31:15Z","user-0003"
"用户0044","","2026-03-21T09:47:32Z","registration-0353","2026-03-21T09:47:32Z","2026-03-21T09:47:32Z","user-0044"
"用户0173","","2026-03-20T03:21:44Z","registration-0354","2026-03-20T03:21:44Z","2026-03-20T03:21:44Z","user-0173"
"用户0195","","2026-03-24T13:52:49Z","registration-0355","2026-03-24T13:52:49Z","2026-03-24T13:52:49Z","user-0195"
"用户0154","true","2026-03-20T13:16:11Z","registration-0356","2026-03-20T13:16:11Z","2026-03-20T13:16:12Z","user-0154"
"用户0110","true","2026-03-19T17:35:04Z","registration-0357","2026-03-19T17:35:04Z","2026-03-19T17:35:05Z","user-0110"
"用户0191","","2026-03-25T08:44:16Z","registration-0358","2026-03-25T08:44:16Z","2026-03-25T08:44:16Z","user-0191"
"用户0059","","2026-03-20T08:37:18Z","registration-0359","2026-03-20T08:37:18Z","2026-03-20T08:37:18Z","user-0059"
"用户0236","","2026-03-20T20:35:53Z","registration-0360","2026-03-20T20:35:53Z","2026-03-20T20:35:53Z","user-0236"
"用户0294","","2026-03-19T17:46:00Z","registration-0361","2026-03-19T17:46:00Z","2026-03-19T17:46:00Z","user-0294"
"用户0172","","2026-03-26T15:44:31Z","registration-0362","2026-03-26T15:44:31Z","2026-03-26T15:44:31Z","user-0172"
"用户0301","","2026-03-23T06:25:42Z","registration-0363","2026-03-23T06:25:42Z","2026-03-23T06:25:42Z","user-0301"
"用户0078","","2026-03-22T06:05:46Z","registration-0364","2026-03-22T06:05:46Z","2026-03-22T06:05:46Z","user-0078"
"用户0274","","2026-03-22T20:11:47Z","registration-0365","2026-03-22T20:11:47Z","2026-03-22T20:11:47Z","user-0274"
"用户0275","","2026-03-22T00:55:19Z","registration-0366","2026-03-22T00:55:19Z","2026-03-22T00:55:19Z","user-0275"
"用户0108","","2026-03-21T05:17:35Z","registration-0367","2026-03-21T05:17:35Z","2026-03-21T05:17:35Z","user-0108"
"用户0131","","2026-03-20T12:50:50Z","registration-0368","2026-03-20T12:50:50Z","2026-03-20T12:50:50Z","user-0131"
"用户0377","","2026-03-26T13:53:06Z","registration-0369","2026-03-26T13:53:06Z","2026-03-26T13:53:06Z","user-0377"
"用户0066","","2026-03-21T09:37:30Z","registration-0370","2026-03-21T09:37:31Z","2026-03-21T09:37:31Z","user-0066"
"用户0051","","2026-03-22T05:55:50Z","registration-0371","2026-03-22T05:55:50Z","2026-03-22T05:55:50Z","user-0051"
"用户0378","","2026-03-26T21:53:12Z","registration-0372","2026-03-26T21:53:12Z","2026-03-26T21:53:12Z","user-0378"
"用户0144","true","2026-03-21T17:36:21Z","registration-0373","2026-03-21T17:36:21Z","2026-03-21T17:36:22Z","user-0144"
"用户0379","","2026-03-21T16:53:55Z","registration-0374","2026-03-21T16:53:55Z","2026-03-21T16:53:55Z","user-0379"
"用户0179","","2026-03-21T07:19:46Z","registration-0375","2026-03-21T07:19:46Z","2026-03-21T07:19:46Z","user-0179"
"用户0056","","2026-03-20T11:48:04Z","registration-0376","2026-03-20T11:48:04Z","2026-03-20T11:48:04Z","user-0056"
"用户0176","","2026-03-19T23:38:54Z","registration-0377","2026-03-19T23:38:54Z","2026-03-19T23:38:54Z","user-0176"
